product_id,company_id,name,sku,category,unit_price,supplier_cost,reorder_level,safety_stock,weight,dimensions
PROD001,COMP003,Drive Shaft Universal Joint v7.4,SKU-AUT-0001-609,Automotive,1065.76,776.99,286,85,20.76,90x6x59 cm
PROD002,COMP008,Thermal Imaging Sensor v3.2,SKU-IND-0002-552,Industrial,1680.23,804.13,203,128,31.11,63x43x14 cm
PROD003,COMP007,Pulse Oximeter Sensor Module v4.7,SKU-MED-0003-685,Medical,470.16,313.13,201,25,44.01,89x55x19 cm
PROD004,COMP001,Ergonomic Smart Desk Sensor v8.5,SKU-CON-0004-894,Consumer Goods,1203.62,681.55,230,76,28.7,84x37x45 cm
PROD005,COMP003,Microcontroller Unit v5.8,SKU-ELE-0005-134,Electronics,932.3,497.89,96,95,14.8,58x27x14 cm
PROD006,COMP003,Modular LED Light Strip v9.9,SKU-CON-0006-379,Consumer Goods,1039.67,708.02,296,95,33.63,48x19x31 cm
PROD007,COMP002,Engine Control Module (ECM) v7.9,SKU-AUT-0007-474,Automotive,139.72,88.13,185,51,20.55,91x38x39 cm
PROD008,COMP007,Pneumatic Control Valve v4.8,SKU-IND-0008-125,Industrial,1090.21,531.37,217,76,29.2,86x64x60 cm
PROD009,COMP005,Pulse Oximeter Sensor Module v3.1,SKU-MED-0009-138,Medical,446.24,267.41,99,80,39.94,22x54x31 cm
PROD010,COMP006,Water Filtration Cartridge v3.7,SKU-CON-0010-770,Consumer Goods,158.98,95.43,258,91,1.62,52x32x30 cm
PROD011,COMP008,Transmission Solenoid Valve v2.6,SKU-AUT-0011-657,Automotive,1380.35,767.67,81,121,12.52,20x63x7 cm
PROD012,COMP004,Ergonomic Smart Desk Sensor v1.6,SKU-CON-0012-349,Consumer Goods,1613.13,840.64,155,37,37.37,75x31x39 cm
PROD013,COMP004,Transmission Solenoid Valve v3.1,SKU-AUT-0013-383,Automotive,1004.23,731.42,116,84,35.96,19x8x10 cm
PROD014,COMP001,Variable Frequency Drive (VFD) v6.1,SKU-IND-0014-278,Industrial,318.73,234.75,265,49,33.59,65x62x51 cm
PROD015,COMP006,Ruggedized Product Chassis v2.8,SKU-CON-0015-615,Consumer Goods,351.11,198.05,387,97,20.69,8x12x32 cm
PROD016,COMP007,Pulse Oximeter Sensor Module v8.8,SKU-MED-0016-175,Medical,1166.68,765.64,125,36,5.81,84x79x37 cm
PROD017,COMP006,Medical Grade Power Supply v9.5,SKU-MED-0017-564,Medical,704.27,435.9,108,75,19.44,118x34x28 cm
PROD018,COMP006,Electrocardiogram Signal Amplifier v7.2,SKU-MED-0018-420,Medical,671.51,369.91,241,59,30.95,65x13x7 cm
PROD019,COMP002,Optocoupler Signal Isolator v2.6,SKU-ELE-0019-931,Electronics,158.03,121.47,337,104,30.2,57x50x57 cm
PROD020,COMP007,Precision Voltage Regulator v5.6,SKU-ELE-0020-206,Electronics,710.42,496.51,386,143,10.21,18x49x56 cm
PROD021,COMP009,Pneumatic Control Valve v5.4,SKU-IND-0021-926,Industrial,642.17,371.88,368,26,27.46,89x39x3 cm
PROD022,COMP003,Industrial Gearbox Reducer v6.6,SKU-IND-0022-106,Industrial,225.56,164.43,386,122,3.27,99x8x7 cm
PROD023,COMP009,High-Intensity LED Headlight Assembly v7.8,SKU-AUT-0023-449,Automotive,218.64,144.33,216,41,39.77,24x25x50 cm
PROD024,COMP010,FPGA Accelerator Board v5.8,SKU-ELE-0024-777,Electronics,649.2,367.61,262,89,9.82,70x19x24 cm
PROD025,COMP007,Precision Voltage Regulator v8.9,SKU-ELE-0025-783,Electronics,389.26,270.8,356,34,0.49,43x32x51 cm
PROD026,COMP003,Industrial Gearbox Reducer v6.2,SKU-IND-0026-107,Industrial,693.39,429.06,116,117,24.04,34x69x37 cm
PROD027,COMP006,Optocoupler Signal Isolator v1.7,SKU-ELE-0027-119,Electronics,523.24,397.54,210,129,25.87,95x58x20 cm
PROD028,COMP002,Sterile Fluid Delivery Pump v6.3,SKU-MED-0028-920,Medical,1322.93,806.13,235,42,19.74,18x36x29 cm
PROD029,COMP010,Precision Peristaltic Pump v2.7,SKU-MED-0029-991,Medical,419.03,272.35,220,63,3.58,86x19x35 cm
PROD030,COMP009,Transmission Solenoid Valve v6.3,SKU-AUT-0030-341,Automotive,144.7,98.6,138,59,34.25,88x14x13 cm
PROD031,COMP008,Medical Grade Power Supply v8.6,SKU-MED-0031-984,Medical,1253.99,825.69,275,37,21.18,85x43x52 cm
PROD032,COMP005,Ergonomic Smart Desk Sensor v6.9,SKU-CON-0032-175,Consumer Goods,445.25,272.47,79,114,37.45,14x16x41 cm
PROD033,COMP010,Water Filtration Cartridge v8.9,SKU-CON-0033-910,Consumer Goods,811.2,631.35,342,68,14.57,65x69x11 cm
PROD034,COMP001,Pulse Oximeter Sensor Module v6.2,SKU-MED-0034-616,Medical,710.46,553.63,274,132,23.65,83x25x25 cm
PROD035,COMP006,Pressure Transmitter Gauge v7.6,SKU-IND-0035-795,Industrial,985.83,513.23,381,105,3.11,17x76x45 cm
PROD036,COMP007,Industrial Gearbox Reducer v3.6,SKU-IND-0036-183,Industrial,685.85,500.54,229,99,43.55,94x55x10 cm
PROD037,COMP010,Precision Voltage Regulator v9.7,SKU-ELE-0037-758,Electronics,1311.32,675.52,393,43,29.12,59x70x25 cm
PROD038,COMP001,Industrial Gearbox Reducer v3.4,SKU-IND-0038-449,Industrial,1340.93,806.17,165,55,7.1,42x17x34 cm
PROD039,COMP009,Ergonomic Smart Desk Sensor v6.3,SKU-CON-0039-711,Consumer Goods,455.23,328.0,369,62,32.5,10x57x25 cm
PROD040,COMP004,Medical Grade Power Supply v5.8,SKU-MED-0040-339,Medical,695.59,459.73,290,69,16.65,78x61x31 cm
PROD041,COMP005,Precision Peristaltic Pump v9.7,SKU-MED-0041-265,Medical,1345.28,696.65,120,84,2.49,66x52x37 cm
PROD042,COMP002,Rechargeable Lithium Battery Pack v5.2,SKU-CON-0042-881,Consumer Goods,239.5,146.76,312,57,37.42,16x33x54 cm
PROD043,COMP008,Hydraulic Cylinder Assembly v7.1,SKU-IND-0043-505,Industrial,627.93,432.93,91,115,10.22,45x17x55 cm
PROD044,COMP006,Electronic Throttle Body v1.5,SKU-AUT-0044-949,Automotive,798.58,408.18,290,134,27.75,120x15x3 cm
PROD045,COMP005,Electronic Throttle Body v9.9,SKU-AUT-0045-533,Automotive,157.89,105.62,204,51,2.29,58x63x6 cm
PROD046,COMP002,Medical Grade Power Supply v9.1,SKU-MED-0046-747,Medical,646.5,444.13,123,94,19.4,83x50x17 cm
PROD047,COMP010,Surgical Grade Titanium Valve v2.9,SKU-MED-0047-469,Medical,117.41,69.18,309,149,25.0,54x65x4 cm
PROD048,COMP007,Industrial Gearbox Reducer v1.6,SKU-IND-0048-907,Industrial,100.51,69.08,386,46,34.75,99x47x10 cm
PROD049,COMP001,Thermal Imaging Sensor v6.3,SKU-IND-0049-950,Industrial,1093.93,665.03,295,66,36.55,13x63x4 cm
PROD050,COMP005,Heavy-Duty Braking Rotor v4.1,SKU-AUT-0050-423,Automotive,1340.67,794.2,328,141,11.51,101x29x20 cm
PROD051,COMP006,Industrial IoT Transceiver v5.2,SKU-ELE-0051-918,Electronics,643.38,320.72,275,118,15.36,28x68x46 cm
PROD052,COMP008,Thermal Imaging Sensor v5.2,SKU-IND-0052-844,Industrial,594.73,368.02,142,95,14.56,15x46x44 cm
PROD053,COMP005,Programmable Logic Controller (PLC) v7.3,SKU-IND-0053-806,Industrial,626.38,384.27,230,131,12.46,106x12x6 cm
PROD054,COMP007,Thermal Imaging Sensor v3.1,SKU-IND-0054-246,Industrial,1320.94,723.26,274,28,5.81,35x51x25 cm
PROD055,COMP007,Ergonomic Smart Desk Sensor v3.8,SKU-CON-0055-479,Consumer Goods,615.27,324.06,343,55,23.9,55x45x43 cm
PROD056,COMP005,Drive Shaft Universal Joint v1.3,SKU-AUT-0056-611,Automotive,904.05,446.11,110,87,34.91,95x62x15 cm
PROD057,COMP010,Programmable Logic Controller (PLC) v4.2,SKU-IND-0057-238,Industrial,1187.66,726.74,277,42,36.5,113x45x44 cm
PROD058,COMP006,LiFePO4 BMS Module v9.5,SKU-ELE-0058-407,Electronics,1345.87,725.52,376,64,35.75,70x33x9 cm
PROD059,COMP004,Engine Control Module (ECM) v8.1,SKU-AUT-0059-469,Automotive,745.03,476.49,332,53,27.6,16x13x21 cm
PROD060,COMP007,Precision Peristaltic Pump v7.7,SKU-MED-0060-943,Medical,670.1,493.98,212,38,20.33,92x71x24 cm
PROD061,COMP003,Ruggedized Product Chassis v3.3,SKU-CON-0061-543,Consumer Goods,862.09,433.65,113,59,13.79,25x46x47 cm
PROD062,COMP004,Thermal Imaging Sensor v5.2,SKU-IND-0062-356,Industrial,364.93,176.9,190,52,28.18,83x73x7 cm
PROD063,COMP009,Turbocharger Cartridge v3.3,SKU-AUT-0063-774,Automotive,1079.94,535.5,222,30,37.16,8x15x4 cm
PROD064,COMP010,Variable Frequency Drive (VFD) v7.1,SKU-IND-0064-609,Industrial,1297.35,757.03,378,97,21.81,108x56x21 cm
PROD065,COMP008,Microcontroller Unit v3.8,SKU-ELE-0065-525,Electronics,595.07,418.06,360,56,14.17,96x45x48 cm
PROD066,COMP006,Surgical Grade Titanium Valve v6.9,SKU-MED-0066-675,Medical,147.63,101.43,112,88,20.31,23x17x5 cm
PROD067,COMP005,Medical Grade Power Supply v7.4,SKU-MED-0067-986,Medical,1491.41,768.19,345,100,8.66,25x68x34 cm
PROD068,COMP008,Biocompatible Tubing Assembly v8.1,SKU-MED-0068-192,Medical,1350.64,804.13,173,75,26.31,11x11x20 cm
PROD069,COMP008,Acoustic Noise-Canceling Core v5.9,SKU-CON-0069-108,Consumer Goods,1166.98,722.01,185,113,34.41,51x10x27 cm
PROD070,COMP001,Brushless DC Motor Unit v4.6,SKU-CON-0070-666,Consumer Goods,401.23,254.2,280,91,37.17,84x20x10 cm
PROD071,COMP002,Infusion Drip Rate Monitor v6.9,SKU-MED-0071-474,Medical,915.07,644.78,310,122,22.58,10x9x10 cm
PROD072,COMP006,Precision Peristaltic Pump v8.3,SKU-MED-0072-720,Medical,1040.98,760.5,363,101,7.44,83x43x39 cm
PROD073,COMP006,Brushless DC Motor Unit v9.8,SKU-CON-0073-825,Consumer Goods,800.29,483.95,58,114,15.01,19x58x39 cm
PROD074,COMP005,OLED Display Interface v8.5,SKU-ELE-0074-771,Electronics,1276.05,668.18,345,78,32.5,79x66x12 cm
PROD075,COMP009,Water Filtration Cartridge v3.4,SKU-CON-0075-132,Consumer Goods,908.01,492.03,147,24,19.93,58x24x28 cm
PROD076,COMP004,Precision Peristaltic Pump v8.1,SKU-MED-0076-822,Medical,182.76,128.14,216,142,23.72,45x27x31 cm
PROD077,COMP009,Thermal Imaging Sensor v6.5,SKU-IND-0077-724,Industrial,862.64,418.0,192,96,10.24,43x41x47 cm
PROD078,COMP004,Infusion Drip Rate Monitor v8.6,SKU-MED-0078-673,Medical,1530.22,794.47,190,93,5.62,91x74x26 cm
PROD079,COMP007,High-Torque Servo Motor v5.1,SKU-IND-0079-394,Industrial,1070.31,812.58,276,85,33.67,32x30x54 cm
PROD080,COMP009,Thermal Imaging Sensor v5.3,SKU-IND-0080-211,Industrial,923.6,528.13,174,32,30.19,72x33x42 cm
PROD081,COMP004,FPGA Accelerator Board v7.6,SKU-ELE-0081-834,Electronics,746.49,408.14,120,21,43.41,25x57x43 cm
PROD082,COMP008,Diagnostic Ultrasound Transducer v5.6,SKU-MED-0082-392,Medical,1118.92,553.44,95,79,24.15,97x9x60 cm
PROD083,COMP003,Surgical Grade Titanium Valve v1.7,SKU-MED-0083-906,Medical,874.47,427.38,198,29,0.57,77x18x23 cm
PROD084,COMP005,Precision Peristaltic Pump v9.8,SKU-MED-0084-237,Medical,1195.1,725.26,148,48,14.98,98x63x43 cm
PROD085,COMP005,Heavy-Duty Braking Rotor v6.5,SKU-AUT-0085-681,Automotive,816.42,577.31,362,123,37.24,70x46x7 cm
PROD086,COMP007,High-Power MOSFET Switch v3.8,SKU-ELE-0086-431,Electronics,999.94,796.25,246,80,20.19,39x47x21 cm
PROD087,COMP010,Ergonomic Smart Desk Sensor v5.6,SKU-CON-0087-809,Consumer Goods,382.43,210.4,288,98,7.31,92x69x59 cm
PROD088,COMP005,Precision Voltage Regulator v6.4,SKU-ELE-0088-324,Electronics,1348.83,814.29,282,115,18.8,75x65x50 cm
PROD089,COMP009,Engine Control Module (ECM) v2.9,SKU-AUT-0089-557,Automotive,708.42,454.84,338,48,2.92,75x69x14 cm
PROD090,COMP010,Stainless Steel Enclosure Shell v3.6,SKU-CON-0090-974,Consumer Goods,604.66,448.29,155,145,4.23,70x62x53 cm
PROD091,COMP001,Surgical Grade Titanium Valve v9.7,SKU-MED-0091-567,Medical,836.23,484.78,394,98,32.59,55x37x54 cm
PROD092,COMP001,Turbocharger Cartridge v2.1,SKU-AUT-0092-533,Automotive,392.62,301.04,80,37,44.38,65x9x20 cm
PROD093,COMP007,Electronic Throttle Body v7.6,SKU-AUT-0093-491,Automotive,787.77,388.15,243,116,3.75,89x74x10 cm
PROD094,COMP006,High-Power MOSFET Switch v9.7,SKU-ELE-0094-641,Electronics,248.06,119.15,51,25,44.04,64x74x29 cm
PROD095,COMP009,Diagnostic Ultrasound Transducer v4.8,SKU-MED-0095-454,Medical,200.83,142.41,107,28,36.46,58x7x17 cm
PROD096,COMP004,FPGA Accelerator Board v1.8,SKU-ELE-0096-712,Electronics,1145.68,575.32,175,31,18.19,34x74x15 cm
PROD097,COMP001,ABS Wheel Speed Sensor v5.4,SKU-AUT-0097-935,Automotive,1356.93,779.98,345,102,10.78,117x23x44 cm
PROD098,COMP009,High-Intensity LED Headlight Assembly v5.5,SKU-AUT-0098-162,Automotive,839.21,478.75,139,129,25.08,11x49x43 cm
PROD099,COMP007,Modular LED Light Strip v7.7,SKU-CON-0099-252,Consumer Goods,370.78,263.66,325,141,10.96,33x43x56 cm
PROD100,COMP003,Sterile Fluid Delivery Pump v9.7,SKU-MED-0100-526,Medical,653.66,479.23,174,85,9.27,87x15x30 cm
PROD101,COMP006,LiFePO4 BMS Module v4.1,SKU-ELE-0101-374,Electronics,579.34,328.38,70,38,8.59,102x80x48 cm
PROD102,COMP009,Air Flow Sensor Module v4.6,SKU-AUT-0102-410,Automotive,1028.11,814.0,147,50,33.65,101x66x60 cm
PROD103,COMP004,High-Efficiency HEPA Air Filter v7.4,SKU-CON-0103-665,Consumer Goods,420.13,281.85,288,111,13.98,51x70x58 cm
PROD104,COMP008,Pulse Oximeter Sensor Module v8.6,SKU-MED-0104-308,Medical,517.35,322.97,338,76,33.4,7x38x37 cm
PROD105,COMP010,Water Filtration Cartridge v5.3,SKU-CON-0105-300,Consumer Goods,454.18,288.76,175,147,24.85,92x48x18 cm
PROD106,COMP008,Prosthetic Articulating Joint v3.6,SKU-MED-0106-273,Medical,222.41,129.72,144,35,23.65,112x14x54 cm
PROD107,COMP001,Optocoupler Signal Isolator v3.4,SKU-ELE-0107-169,Electronics,760.64,604.75,308,136,16.89,84x66x44 cm
PROD108,COMP008,Microcontroller Unit v9.9,SKU-ELE-0108-521,Electronics,38.13,22.43,190,93,0.92,109x60x53 cm
PROD109,COMP003,FPGA Accelerator Board v9.3,SKU-ELE-0109-346,Electronics,294.07,173.24,231,88,35.8,15x52x27 cm
PROD110,COMP008,High-Efficiency HEPA Air Filter v4.5,SKU-CON-0110-800,Consumer Goods,930.88,706.0,382,28,4.34,53x53x37 cm
PROD111,COMP008,Microcontroller Unit v3.2,SKU-ELE-0111-611,Electronics,1295.51,720.46,219,44,40.28,10x34x15 cm
PROD112,COMP010,Biocompatible Tubing Assembly v1.2,SKU-MED-0112-800,Medical,1586.71,787.68,338,28,8.19,113x45x3 cm
PROD113,COMP004,Stainless Steel Enclosure Shell v7.2,SKU-CON-0113-406,Consumer Goods,216.05,148.55,249,104,17.37,99x22x52 cm
PROD114,COMP002,Modular LED Light Strip v1.2,SKU-CON-0114-547,Consumer Goods,272.02,206.92,359,121,43.61,46x8x42 cm
PROD115,COMP005,Prosthetic Articulating Joint v4.6,SKU-MED-0115-666,Medical,1294.8,800.71,398,117,3.99,84x42x53 cm
PROD116,COMP004,FPGA Accelerator Board v5.3,SKU-ELE-0116-489,Electronics,1088.55,608.53,249,101,16.33,16x5x21 cm
PROD117,COMP008,Industrial Gearbox Reducer v2.3,SKU-IND-0117-189,Industrial,276.44,169.44,334,124,4.78,16x50x37 cm
PROD118,COMP002,Ruggedized Product Chassis v6.7,SKU-CON-0118-112,Consumer Goods,405.84,256.92,93,82,25.8,26x53x12 cm
PROD119,COMP003,Industrial Gearbox Reducer v5.8,SKU-IND-0119-249,Industrial,106.06,65.49,265,96,21.87,14x51x18 cm
PROD120,COMP004,Medical Grade Power Supply v4.8,SKU-MED-0120-209,Medical,158.19,125.97,252,105,37.9,53x47x30 cm
PROD121,COMP006,Medical Grade Power Supply v3.5,SKU-MED-0121-428,Medical,953.07,517.69,295,100,8.12,55x45x20 cm
PROD122,COMP008,High-Efficiency HEPA Air Filter v6.7,SKU-CON-0122-387,Consumer Goods,1102.95,696.31,108,71,26.71,74x28x45 cm
PROD123,COMP009,ARM Cortex Mainboard v4.8,SKU-ELE-0123-916,Electronics,471.66,256.49,259,147,6.39,43x35x18 cm
PROD124,COMP003,Electrocardiogram Signal Amplifier v2.8,SKU-MED-0124-712,Medical,658.32,413.86,309,127,24.53,106x51x46 cm
PROD125,COMP009,Rechargeable Lithium Battery Pack v2.4,SKU-CON-0125-773,Consumer Goods,791.95,569.18,363,31,25.41,87x56x50 cm
PROD126,COMP006,Pulse Oximeter Sensor Module v1.2,SKU-MED-0126-364,Medical,374.01,198.43,335,76,20.14,55x64x51 cm
PROD127,COMP010,Stainless Steel Enclosure Shell v6.1,SKU-CON-0127-594,Consumer Goods,160.45,100.06,93,49,37.43,98x23x24 cm
PROD128,COMP005,Programmable Logic Controller (PLC) v4.9,SKU-IND-0128-594,Industrial,405.49,304.2,281,101,3.16,10x19x3 cm
PROD129,COMP006,High-Power MOSFET Switch v4.9,SKU-ELE-0129-278,Electronics,726.96,474.72,268,138,10.55,56x28x13 cm
PROD130,COMP007,Sterile Fluid Delivery Pump v4.8,SKU-MED-0130-706,Medical,466.72,372.25,159,72,12.63,95x13x38 cm
PROD131,COMP002,Stainless Steel Enclosure Shell v6.6,SKU-CON-0131-301,Consumer Goods,582.87,395.7,300,100,26.92,83x55x39 cm
PROD132,COMP002,Heavy Duty Conveyor Bearing v8.3,SKU-IND-0132-933,Industrial,1113.2,576.63,364,41,30.29,45x20x17 cm
PROD133,COMP005,High-Power MOSFET Switch v6.3,SKU-ELE-0133-623,Electronics,593.57,337.84,344,118,19.12,67x73x46 cm
PROD134,COMP003,Stainless Steel Enclosure Shell v8.5,SKU-CON-0134-243,Consumer Goods,332.59,169.2,367,33,38.97,6x67x10 cm
PROD135,COMP004,Precision Peristaltic Pump v9.8,SKU-MED-0135-518,Medical,939.41,585.93,277,145,7.65,77x8x52 cm
PROD136,COMP004,Hydraulic Cylinder Assembly v5.4,SKU-IND-0136-650,Industrial,486.56,254.26,339,146,24.81,19x78x9 cm
PROD137,COMP005,Modular LED Light Strip v9.1,SKU-CON-0137-878,Consumer Goods,1053.76,614.65,267,46,33.16,88x36x21 cm
PROD138,COMP001,Biocompatible Tubing Assembly v6.2,SKU-MED-0138-549,Medical,995.03,737.18,171,73,36.51,80x49x57 cm
PROD139,COMP010,Surgical Grade Titanium Valve v3.4,SKU-MED-0139-933,Medical,241.64,185.81,229,91,26.92,26x46x47 cm
PROD140,COMP005,Linear Motion Actuator v5.9,SKU-IND-0140-795,Industrial,949.14,695.21,260,35,44.66,115x21x46 cm
PROD141,COMP003,Electronic Throttle Body v6.4,SKU-AUT-0141-879,Automotive,1138.72,718.98,122,88,28.31,53x62x6 cm
PROD142,COMP002,Precision Peristaltic Pump v5.6,SKU-MED-0142-565,Medical,1235.3,808.34,51,43,32.93,63x50x56 cm
PROD143,COMP002,Water Filtration Cartridge v4.7,SKU-CON-0143-944,Consumer Goods,280.77,189.93,195,106,24.7,21x77x56 cm
PROD144,COMP008,Hydraulic Cylinder Assembly v1.2,SKU-IND-0144-741,Industrial,1097.61,669.01,113,60,19.94,5x59x14 cm
PROD145,COMP003,High-Torque Servo Motor v5.2,SKU-IND-0145-770,Industrial,414.97,314.36,390,62,2.47,85x44x48 cm
PROD146,COMP004,Pulse Oximeter Sensor Module v2.1,SKU-MED-0146-318,Medical,561.24,411.83,165,133,0.57,94x48x54 cm
PROD147,COMP002,Surgical Grade Titanium Valve v8.2,SKU-MED-0147-334,Medical,623.69,333.32,102,46,14.2,117x43x10 cm
PROD148,COMP007,Electronic Throttle Body v2.9,SKU-AUT-0148-676,Automotive,35.33,19.6,275,109,32.55,85x24x60 cm
PROD149,COMP007,Acoustic Noise-Canceling Core v4.2,SKU-CON-0149-202,Consumer Goods,175.78,129.76,246,109,43.35,45x22x17 cm
PROD150,COMP005,Multi-Layer Ceramic Capacitor Pack v9.5,SKU-ELE-0150-897,Electronics,1019.28,800.82,387,97,9.36,82x70x14 cm
PROD151,COMP007,Hydraulic Cylinder Assembly v4.8,SKU-IND-0151-495,Industrial,179.05,106.92,354,38,23.84,6x51x22 cm
PROD152,COMP003,Medical Grade Power Supply v7.6,SKU-MED-0152-659,Medical,1109.49,584.46,87,24,26.49,6x38x15 cm
PROD153,COMP001,Optocoupler Signal Isolator v9.5,SKU-ELE-0153-743,Electronics,1158.97,609.33,266,122,3.85,73x73x41 cm
PROD154,COMP003,Pneumatic Control Valve v5.2,SKU-IND-0154-623,Industrial,1628.8,783.77,129,103,17.67,86x13x21 cm
PROD155,COMP007,Heavy-Duty Braking Rotor v4.2,SKU-AUT-0155-544,Automotive,194.11,109.64,78,99,30.02,89x27x9 cm
PROD156,COMP001,Heavy-Duty Braking Rotor v3.8,SKU-AUT-0156-455,Automotive,862.99,450.52,182,62,16.83,100x39x48 cm
PROD157,COMP002,Industrial IoT Transceiver v7.5,SKU-ELE-0157-636,Electronics,122.44,65.99,345,39,22.4,70x51x5 cm
PROD158,COMP008,Stainless Steel Enclosure Shell v6.3,SKU-CON-0158-361,Consumer Goods,1327.01,660.16,395,49,10.39,70x5x4 cm
PROD159,COMP001,Heavy-Duty Braking Rotor v8.6,SKU-AUT-0159-492,Automotive,1098.12,783.19,68,127,10.22,36x58x60 cm
PROD160,COMP006,Pneumatic Control Valve v6.2,SKU-IND-0160-614,Industrial,746.32,576.41,164,31,42.94,13x64x57 cm
PROD161,COMP005,Heavy Duty Conveyor Bearing v2.9,SKU-IND-0161-567,Industrial,27.23,19.17,338,97,33.32,36x64x25 cm
PROD162,COMP010,Diagnostic Ultrasound Transducer v9.4,SKU-MED-0162-254,Medical,28.52,17.84,169,108,28.67,93x6x23 cm
PROD163,COMP001,Biocompatible Tubing Assembly v2.4,SKU-MED-0163-642,Medical,1343.1,835.86,80,56,32.07,16x10x60 cm
PROD164,COMP004,Water Filtration Cartridge v6.8,SKU-CON-0164-865,Consumer Goods,111.31,83.61,118,120,3.51,77x12x29 cm
PROD165,COMP003,Hydraulic Power Steering Pump v5.6,SKU-AUT-0165-920,Automotive,668.55,341.6,217,101,20.46,34x14x14 cm
PROD166,COMP003,Rechargeable Lithium Battery Pack v3.2,SKU-CON-0166-268,Consumer Goods,590.1,389.01,111,111,43.41,31x62x21 cm
PROD167,COMP008,Pneumatic Control Valve v2.3,SKU-IND-0167-926,Industrial,1146.21,587.07,358,30,9.79,114x46x11 cm
PROD168,COMP002,Transmission Solenoid Valve v7.9,SKU-AUT-0168-150,Automotive,852.73,579.64,139,27,42.85,114x62x37 cm
PROD169,COMP009,Drive Shaft Universal Joint v8.2,SKU-AUT-0169-923,Automotive,916.57,677.32,81,76,6.01,110x56x25 cm
PROD170,COMP002,Ruggedized Product Chassis v5.2,SKU-CON-0170-122,Consumer Goods,1202.0,847.62,380,133,36.45,16x47x9 cm
PROD171,COMP001,Sterile Fluid Delivery Pump v3.7,SKU-MED-0171-941,Medical,1035.14,619.21,245,129,7.9,32x28x19 cm
PROD172,COMP005,Surgical Grade Titanium Valve v1.4,SKU-MED-0172-762,Medical,415.49,259.65,331,142,2.88,40x54x10 cm
PROD173,COMP007,ABS Wheel Speed Sensor v4.9,SKU-AUT-0173-913,Automotive,45.46,28.86,233,142,24.57,67x49x60 cm
PROD174,COMP010,Modular LED Light Strip v7.5,SKU-CON-0174-284,Consumer Goods,60.34,34.33,65,91,2.78,65x72x24 cm
PROD175,COMP010,Electronic Throttle Body v2.4,SKU-AUT-0175-772,Automotive,365.38,214.47,78,76,25.97,107x54x24 cm
PROD176,COMP003,Engine Control Module (ECM) v6.6,SKU-AUT-0176-705,Automotive,66.66,36.12,340,56,25.41,29x68x36 cm
PROD177,COMP005,Air Flow Sensor Module v1.2,SKU-AUT-0177-157,Automotive,297.71,207.32,319,142,0.18,83x30x53 cm
PROD178,COMP003,High-Torque Servo Motor v6.1,SKU-IND-0178-122,Industrial,251.85,136.21,122,48,38.11,115x51x6 cm
PROD179,COMP006,Medical Grade Power Supply v2.6,SKU-MED-0179-409,Medical,587.83,282.68,273,144,29.27,27x76x46 cm
PROD180,COMP010,Variable Frequency Drive (VFD) v3.7,SKU-IND-0180-414,Industrial,941.04,627.22,140,20,42.7,78x55x56 cm
PROD181,COMP010,High-Power MOSFET Switch v6.4,SKU-ELE-0181-754,Electronics,994.75,486.15,122,104,33.58,35x49x22 cm
PROD182,COMP003,Industrial IoT Transceiver v8.1,SKU-ELE-0182-371,Electronics,345.97,188.11,229,85,35.45,97x5x5 cm
PROD183,COMP007,Electrocardiogram Signal Amplifier v3.7,SKU-MED-0183-604,Medical,1162.93,750.98,242,45,37.32,105x78x43 cm
PROD184,COMP004,Air Flow Sensor Module v2.1,SKU-AUT-0184-401,Automotive,43.16,29.32,103,38,15.48,118x53x12 cm
PROD185,COMP002,Rechargeable Lithium Battery Pack v6.8,SKU-CON-0185-821,Consumer Goods,78.88,38.46,134,131,7.2,17x47x15 cm
PROD186,COMP004,Precision Peristaltic Pump v9.5,SKU-MED-0186-776,Medical,360.48,248.28,75,120,25.79,112x67x11 cm
PROD187,COMP001,Hydraulic Cylinder Assembly v7.2,SKU-IND-0187-401,Industrial,1251.4,702.51,295,71,4.5,31x26x42 cm
PROD188,COMP005,ARM Cortex Mainboard v2.5,SKU-ELE-0188-903,Electronics,575.31,345.38,388,87,4.24,74x54x13 cm
PROD189,COMP006,Infusion Drip Rate Monitor v3.8,SKU-MED-0189-145,Medical,383.37,233.01,165,88,25.46,24x17x7 cm
PROD190,COMP006,Water Filtration Cartridge v4.9,SKU-CON-0190-162,Consumer Goods,1394.38,716.67,264,141,25.84,35x65x21 cm
PROD191,COMP002,Sterile Fluid Delivery Pump v9.9,SKU-MED-0191-919,Medical,1024.15,491.12,125,50,42.72,62x27x12 cm
PROD192,COMP004,Electronic Throttle Body v1.7,SKU-AUT-0192-180,Automotive,1361.16,840.18,371,57,37.56,38x45x60 cm
PROD193,COMP002,Optocoupler Signal Isolator v9.7,SKU-ELE-0193-665,Electronics,424.1,285.63,284,23,35.43,84x80x35 cm
PROD194,COMP007,Optocoupler Signal Isolator v3.3,SKU-ELE-0194-680,Electronics,956.58,504.89,101,47,25.39,17x41x57 cm
PROD195,COMP009,Pressure Transmitter Gauge v5.7,SKU-IND-0195-770,Industrial,740.95,419.18,69,64,12.5,23x56x4 cm
PROD196,COMP007,Variable Frequency Drive (VFD) v1.8,SKU-IND-0196-375,Industrial,967.84,763.76,205,99,12.72,67x17x57 cm
PROD197,COMP004,Hydraulic Power Steering Pump v8.6,SKU-AUT-0197-375,Automotive,1098.89,622.87,95,68,19.96,110x57x49 cm
PROD198,COMP008,Modular LED Light Strip v1.9,SKU-CON-0198-910,Consumer Goods,220.57,145.64,309,123,6.23,113x72x58 cm
PROD199,COMP010,High-Power MOSFET Switch v4.4,SKU-ELE-0199-957,Electronics,77.66,60.76,75,112,31.75,40x52x54 cm
PROD200,COMP008,Water Filtration Cartridge v2.1,SKU-CON-0200-347,Consumer Goods,569.37,324.44,140,141,26.47,49x49x12 cm
PROD201,COMP005,Precision Voltage Regulator v1.7,SKU-ELE-0201-150,Electronics,258.6,148.93,159,76,29.18,91x31x19 cm
PROD202,COMP007,Ergonomic Smart Desk Sensor v1.8,SKU-CON-0202-235,Consumer Goods,976.76,554.67,54,77,11.47,108x44x47 cm
PROD203,COMP005,Electrocardiogram Signal Amplifier v6.8,SKU-MED-0203-358,Medical,294.21,195.25,316,121,26.36,5x70x44 cm
PROD204,COMP006,Ruggedized Product Chassis v5.5,SKU-CON-0204-800,Consumer Goods,134.39,103.04,191,103,38.79,38x43x14 cm
PROD205,COMP003,High-Efficiency HEPA Air Filter v1.7,SKU-CON-0205-776,Consumer Goods,383.51,280.15,63,147,44.89,38x58x27 cm
PROD206,COMP007,OLED Display Interface v4.6,SKU-ELE-0206-843,Electronics,1118.26,609.95,376,141,40.81,90x50x34 cm
PROD207,COMP005,ABS Wheel Speed Sensor v3.5,SKU-AUT-0207-199,Automotive,764.66,406.78,336,66,42.62,120x47x43 cm
PROD208,COMP002,Transmission Solenoid Valve v4.5,SKU-AUT-0208-530,Automotive,1030.06,672.53,183,95,20.95,20x65x5 cm
PROD209,COMP010,Ruggedized Product Chassis v2.8,SKU-CON-0209-299,Consumer Goods,857.85,431.65,245,96,18.68,116x24x10 cm
PROD210,COMP004,Pressure Transmitter Gauge v8.3,SKU-IND-0210-423,Industrial,1031.08,734.75,91,144,15.07,27x45x42 cm
PROD211,COMP001,ARM Cortex Mainboard v5.4,SKU-ELE-0211-879,Electronics,1148.88,660.34,131,145,35.37,104x16x10 cm
PROD212,COMP010,Electrocardiogram Signal Amplifier v7.7,SKU-MED-0212-588,Medical,427.61,333.53,152,115,42.76,119x46x50 cm
PROD213,COMP009,Heavy-Duty Braking Rotor v1.4,SKU-AUT-0213-331,Automotive,915.33,593.33,116,46,17.35,80x44x12 cm
PROD214,COMP002,Precision Voltage Regulator v5.8,SKU-ELE-0214-845,Electronics,759.99,448.24,272,54,15.52,120x67x24 cm
PROD215,COMP004,High-Intensity LED Headlight Assembly v1.4,SKU-AUT-0215-329,Automotive,846.19,621.5,61,149,7.73,51x9x26 cm
PROD216,COMP005,Ruggedized Product Chassis v1.1,SKU-CON-0216-777,Consumer Goods,202.05,103.05,74,49,18.84,53x20x37 cm
PROD217,COMP005,Surgical Grade Titanium Valve v4.1,SKU-MED-0217-408,Medical,487.55,364.98,316,89,28.08,94x22x28 cm
PROD218,COMP002,Ruggedized Product Chassis v2.5,SKU-CON-0218-216,Consumer Goods,1120.53,669.74,361,71,35.04,111x71x14 cm
PROD219,COMP006,Biocompatible Tubing Assembly v3.1,SKU-MED-0219-661,Medical,610.84,428.2,296,104,10.67,6x16x60 cm
PROD220,COMP002,Acoustic Noise-Canceling Core v3.2,SKU-CON-0220-898,Consumer Goods,822.57,441.05,101,85,29.05,63x42x18 cm
PROD221,COMP008,FPGA Accelerator Board v3.1,SKU-ELE-0221-972,Electronics,494.14,255.85,210,129,33.27,17x10x2 cm
PROD222,COMP003,Transmission Solenoid Valve v6.8,SKU-AUT-0222-736,Automotive,444.32,237.21,240,107,8.35,56x56x31 cm
PROD223,COMP005,Prosthetic Articulating Joint v7.3,SKU-MED-0223-215,Medical,230.59,123.48,131,46,18.81,80x66x53 cm
PROD224,COMP010,Surgical Grade Titanium Valve v7.6,SKU-MED-0224-726,Medical,67.1,36.63,116,143,41.43,19x57x30 cm
PROD225,COMP001,Precision Voltage Regulator v6.1,SKU-ELE-0225-821,Electronics,1254.65,739.73,345,77,44.01,90x48x35 cm
PROD226,COMP009,Rechargeable Lithium Battery Pack v7.4,SKU-CON-0226-593,Consumer Goods,551.23,302.07,247,58,37.78,76x11x2 cm
PROD227,COMP003,Acoustic Noise-Canceling Core v8.3,SKU-CON-0227-176,Consumer Goods,977.2,641.82,219,91,2.41,33x75x43 cm
PROD228,COMP007,Diagnostic Ultrasound Transducer v2.8,SKU-MED-0228-554,Medical,1114.81,683.56,305,134,14.33,68x7x8 cm
PROD229,COMP007,Sterile Fluid Delivery Pump v9.9,SKU-MED-0229-100,Medical,1354.19,704.2,366,97,40.07,76x31x43 cm
PROD230,COMP008,Heavy Duty Conveyor Bearing v1.4,SKU-IND-0230-964,Industrial,678.56,393.11,367,141,32.29,51x62x9 cm
PROD231,COMP002,Heavy-Duty Braking Rotor v6.6,SKU-AUT-0231-949,Automotive,1048.32,543.19,330,115,31.64,10x26x33 cm
PROD232,COMP003,Pulse Oximeter Sensor Module v5.4,SKU-MED-0232-292,Medical,224.33,113.62,160,137,37.13,29x48x8 cm
PROD233,COMP007,OLED Display Interface v2.8,SKU-ELE-0233-568,Electronics,1163.32,563.96,118,147,0.34,99x11x37 cm
PROD234,COMP007,Acoustic Noise-Canceling Core v9.3,SKU-CON-0234-808,Consumer Goods,929.92,497.04,115,46,17.53,81x46x34 cm
PROD235,COMP007,Medical Grade Power Supply v4.5,SKU-MED-0235-507,Medical,1700.42,819.51,281,54,6.35,82x70x21 cm
PROD236,COMP009,Thermal Imaging Sensor v4.4,SKU-IND-0236-314,Industrial,801.25,535.24,226,53,44.16,88x27x34 cm
PROD237,COMP009,Pneumatic Control Valve v6.9,SKU-IND-0237-591,Industrial,1026.87,500.6,263,93,39.5,59x6x35 cm
PROD238,COMP002,Optocoupler Signal Isolator v3.1,SKU-ELE-0238-786,Electronics,88.48,59.91,132,93,30.8,23x12x46 cm
PROD239,COMP005,ABS Wheel Speed Sensor v1.6,SKU-AUT-0239-933,Automotive,694.49,391.55,395,77,33.45,76x54x17 cm
PROD240,COMP009,Hydraulic Cylinder Assembly v7.7,SKU-IND-0240-526,Industrial,1692.13,813.74,210,33,0.73,37x30x41 cm
PROD241,COMP008,Transmission Solenoid Valve v9.4,SKU-AUT-0241-894,Automotive,876.44,619.62,279,65,44.26,14x28x13 cm
PROD242,COMP009,Optocoupler Signal Isolator v1.7,SKU-ELE-0242-385,Electronics,651.23,478.65,349,85,0.4,64x24x4 cm
PROD243,COMP003,Linear Motion Actuator v1.5,SKU-IND-0243-602,Industrial,1157.77,674.05,87,101,23.71,28x71x6 cm
PROD244,COMP009,High-Intensity LED Headlight Assembly v9.9,SKU-AUT-0244-513,Automotive,128.7,89.5,159,104,15.0,42x32x50 cm
PROD245,COMP010,Acoustic Noise-Canceling Core v9.1,SKU-CON-0245-217,Consumer Goods,932.89,572.74,378,82,43.16,92x46x26 cm
PROD246,COMP002,Biocompatible Tubing Assembly v9.5,SKU-MED-0246-125,Medical,1511.76,775.74,241,150,20.13,10x42x59 cm
PROD247,COMP004,Thermal Imaging Sensor v2.2,SKU-IND-0247-271,Industrial,1575.9,826.24,323,21,28.27,31x32x57 cm
PROD248,COMP007,Multi-Layer Ceramic Capacitor Pack v9.7,SKU-ELE-0248-762,Electronics,913.36,696.53,128,26,20.75,47x9x7 cm
PROD249,COMP002,High-Power MOSFET Switch v5.9,SKU-ELE-0249-172,Electronics,713.13,494.03,182,124,17.55,85x56x29 cm
PROD250,COMP006,Optocoupler Signal Isolator v2.9,SKU-ELE-0250-106,Electronics,976.03,549.69,349,31,31.58,14x50x34 cm
PROD251,COMP002,Industrial Gearbox Reducer v2.5,SKU-IND-0251-883,Industrial,1241.42,788.6,388,27,21.41,73x33x10 cm
PROD252,COMP007,Smart Home Gateway Hub v3.5,SKU-CON-0252-793,Consumer Goods,1563.98,755.34,381,115,43.09,6x75x57 cm
PROD253,COMP009,Drive Shaft Universal Joint v1.1,SKU-AUT-0253-686,Automotive,874.11,512.2,93,98,9.57,99x49x15 cm
PROD254,COMP007,Stainless Steel Enclosure Shell v3.3,SKU-CON-0254-326,Consumer Goods,775.1,529.14,108,66,30.24,77x11x56 cm
PROD255,COMP009,Precision Peristaltic Pump v2.5,SKU-MED-0255-787,Medical,91.9,68.92,347,144,42.83,50x21x44 cm
PROD256,COMP004,Precision Voltage Regulator v2.4,SKU-ELE-0256-425,Electronics,641.32,419.41,387,98,31.25,24x77x38 cm
PROD257,COMP006,Pressure Transmitter Gauge v3.1,SKU-IND-0257-420,Industrial,314.51,218.67,378,131,12.56,51x22x45 cm
PROD258,COMP006,Prosthetic Articulating Joint v8.6,SKU-MED-0258-893,Medical,461.24,268.33,139,40,37.9,114x22x59 cm
PROD259,COMP009,Hydraulic Power Steering Pump v2.2,SKU-AUT-0259-119,Automotive,1293.76,724.03,347,123,34.65,32x9x37 cm
PROD260,COMP005,Brushless DC Motor Unit v8.3,SKU-CON-0260-474,Consumer Goods,685.07,341.22,351,94,6.15,69x70x7 cm
PROD261,COMP007,Thermal Imaging Sensor v1.4,SKU-IND-0261-968,Industrial,1709.04,819.85,400,62,34.11,22x62x12 cm
PROD262,COMP003,Ruggedized Product Chassis v3.8,SKU-CON-0262-467,Consumer Goods,87.94,46.35,168,36,12.01,34x10x44 cm
PROD263,COMP004,Modular LED Light Strip v7.8,SKU-CON-0263-565,Consumer Goods,963.97,750.8,382,102,4.78,71x40x55 cm
PROD264,COMP005,Brushless DC Motor Unit v3.7,SKU-CON-0264-769,Consumer Goods,576.49,329.51,89,84,17.03,33x71x27 cm
PROD265,COMP006,Programmable Logic Controller (PLC) v8.1,SKU-IND-0265-613,Industrial,1219.88,751.2,167,39,23.23,40x32x11 cm
PROD266,COMP003,Transmission Solenoid Valve v2.4,SKU-AUT-0266-524,Automotive,1288.39,691.86,296,142,21.63,80x25x43 cm
PROD267,COMP007,Multi-Layer Ceramic Capacitor Pack v1.3,SKU-ELE-0267-687,Electronics,693.98,508.59,312,30,40.1,23x12x12 cm
PROD268,COMP005,ABS Wheel Speed Sensor v7.1,SKU-AUT-0268-999,Automotive,1114.89,615.12,195,41,9.86,82x65x57 cm
PROD269,COMP008,Engine Control Module (ECM) v7.3,SKU-AUT-0269-913,Automotive,952.08,500.47,369,150,12.01,97x48x31 cm
PROD270,COMP010,Rechargeable Lithium Battery Pack v4.7,SKU-CON-0270-494,Consumer Goods,155.77,123.23,317,149,30.84,110x24x40 cm
PROD271,COMP002,Air Flow Sensor Module v1.9,SKU-AUT-0271-615,Automotive,854.18,642.62,387,53,40.6,74x5x59 cm
PROD272,COMP007,Water Filtration Cartridge v6.1,SKU-CON-0272-814,Consumer Goods,659.27,456.22,296,117,15.87,107x78x8 cm
PROD273,COMP007,Hydraulic Power Steering Pump v8.4,SKU-AUT-0273-979,Automotive,145.43,82.7,328,124,11.71,5x5x38 cm
PROD274,COMP009,LiFePO4 BMS Module v1.7,SKU-ELE-0274-770,Electronics,356.83,184.54,259,112,4.93,59x79x18 cm
PROD275,COMP005,Water Filtration Cartridge v6.5,SKU-CON-0275-796,Consumer Goods,491.51,345.37,332,143,8.17,76x76x32 cm
PROD276,COMP005,Linear Motion Actuator v6.7,SKU-IND-0276-853,Industrial,254.24,128.13,110,78,20.18,94x25x8 cm
PROD277,COMP004,Water Filtration Cartridge v6.9,SKU-CON-0277-728,Consumer Goods,1103.6,596.29,132,119,43.41,5x16x54 cm
PROD278,COMP003,Medical Grade Power Supply v7.2,SKU-MED-0278-165,Medical,364.44,232.84,361,29,32.64,56x71x20 cm
PROD279,COMP010,High-Power MOSFET Switch v8.8,SKU-ELE-0279-110,Electronics,328.09,181.43,315,93,8.88,105x70x35 cm
PROD280,COMP004,Stainless Steel Enclosure Shell v1.6,SKU-CON-0280-344,Consumer Goods,1166.65,561.08,94,90,35.12,50x55x27 cm
PROD281,COMP010,ABS Wheel Speed Sensor v1.2,SKU-AUT-0281-192,Automotive,882.78,472.78,336,109,15.73,109x40x16 cm
PROD282,COMP010,Air Flow Sensor Module v7.1,SKU-AUT-0282-367,Automotive,267.32,159.09,336,38,22.72,48x19x53 cm
PROD283,COMP009,Thermal Imaging Sensor v5.8,SKU-IND-0283-486,Industrial,922.05,484.15,223,137,30.72,119x80x57 cm
PROD284,COMP001,Pulse Oximeter Sensor Module v5.2,SKU-MED-0284-491,Medical,1138.02,543.19,396,78,36.04,57x50x35 cm
PROD285,COMP009,Precision Voltage Regulator v4.5,SKU-ELE-0285-195,Electronics,653.85,346.6,225,39,25.02,27x65x22 cm
PROD286,COMP006,Turbocharger Cartridge v5.3,SKU-AUT-0286-864,Automotive,1182.9,584.6,305,71,10.68,35x38x15 cm
PROD287,COMP004,Engine Control Module (ECM) v6.3,SKU-AUT-0287-897,Automotive,206.98,101.85,396,146,27.68,102x74x4 cm
PROD288,COMP008,Linear Motion Actuator v6.8,SKU-IND-0288-688,Industrial,1233.87,740.09,311,91,17.99,101x78x10 cm
PROD289,COMP001,Water Filtration Cartridge v8.9,SKU-CON-0289-133,Consumer Goods,686.66,433.32,139,137,43.95,94x71x31 cm
PROD290,COMP006,Microcontroller Unit v4.7,SKU-ELE-0290-694,Electronics,150.88,96.88,182,67,24.75,35x39x32 cm
PROD291,COMP010,Heavy Duty Conveyor Bearing v3.8,SKU-IND-0291-534,Industrial,348.49,188.82,240,113,38.47,40x62x13 cm
PROD292,COMP010,Turbocharger Cartridge v4.2,SKU-AUT-0292-838,Automotive,346.04,238.58,271,117,8.94,107x24x32 cm
PROD293,COMP001,High-Intensity LED Headlight Assembly v8.3,SKU-AUT-0293-969,Automotive,921.24,540.67,211,144,13.61,76x77x5 cm
PROD294,COMP007,High-Power MOSFET Switch v1.4,SKU-ELE-0294-933,Electronics,442.63,225.47,99,135,33.55,38x51x25 cm
PROD295,COMP009,Smart Home Gateway Hub v6.1,SKU-CON-0295-521,Consumer Goods,226.63,114.04,360,70,26.02,88x73x13 cm
PROD296,COMP005,Heavy Duty Conveyor Bearing v9.8,SKU-IND-0296-893,Industrial,1262.57,629.34,245,93,20.95,23x26x42 cm
PROD297,COMP006,Medical Grade Power Supply v7.2,SKU-MED-0297-181,Medical,213.96,148.17,212,94,32.01,82x55x19 cm
PROD298,COMP008,Linear Motion Actuator v9.8,SKU-IND-0298-523,Industrial,301.61,152.63,114,80,29.84,100x15x15 cm
PROD299,COMP003,Pulse Oximeter Sensor Module v2.2,SKU-MED-0299-999,Medical,529.69,408.79,253,41,4.81,84x24x7 cm
PROD300,COMP007,Variable Frequency Drive (VFD) v4.5,SKU-IND-0300-553,Industrial,731.42,537.18,137,27,1.73,50x46x57 cm
PROD301,COMP008,Precision Peristaltic Pump v5.9,SKU-MED-0301-555,Medical,258.38,125.66,326,65,26.65,63x77x29 cm
PROD302,COMP009,Smart Home Gateway Hub v6.8,SKU-CON-0302-652,Consumer Goods,268.83,202.72,207,113,18.64,24x43x2 cm
PROD303,COMP001,Stainless Steel Enclosure Shell v6.5,SKU-CON-0303-580,Consumer Goods,845.11,460.65,301,142,13.59,103x60x53 cm
PROD304,COMP005,High-Efficiency HEPA Air Filter v1.9,SKU-CON-0304-482,Consumer Goods,340.83,170.43,273,121,11.36,96x54x55 cm
PROD305,COMP007,Hydraulic Power Steering Pump v2.7,SKU-AUT-0305-740,Automotive,404.92,213.13,363,89,12.92,100x73x53 cm
PROD306,COMP005,Diagnostic Ultrasound Transducer v2.3,SKU-MED-0306-239,Medical,456.87,255.04,366,135,12.36,84x67x14 cm
PROD307,COMP006,High-Power MOSFET Switch v1.9,SKU-ELE-0307-122,Electronics,224.9,168.22,187,52,32.23,98x6x16 cm
PROD308,COMP002,Heavy-Duty Braking Rotor v8.4,SKU-AUT-0308-450,Automotive,698.97,364.45,305,115,20.95,106x9x23 cm
PROD309,COMP002,Heavy-Duty Braking Rotor v5.7,SKU-AUT-0309-173,Automotive,656.43,467.42,178,117,37.3,20x36x26 cm
PROD310,COMP008,Heavy-Duty Braking Rotor v4.8,SKU-AUT-0310-852,Automotive,1114.33,658.21,156,141,17.6,44x46x12 cm
PROD311,COMP001,Brushless DC Motor Unit v2.5,SKU-CON-0311-592,Consumer Goods,776.52,547.26,76,75,43.8,35x60x22 cm
PROD312,COMP001,Hydraulic Power Steering Pump v2.7,SKU-AUT-0312-908,Automotive,448.06,216.09,347,141,31.03,24x52x51 cm
PROD313,COMP002,Electronic Throttle Body v8.2,SKU-AUT-0313-802,Automotive,1083.11,530.62,370,35,2.83,87x24x46 cm
PROD314,COMP009,High-Power MOSFET Switch v8.4,SKU-ELE-0314-424,Electronics,1602.76,834.65,227,132,33.03,7x53x24 cm
PROD315,COMP003,Hydraulic Cylinder Assembly v8.8,SKU-IND-0315-672,Industrial,477.79,259.32,147,67,24.53,46x64x19 cm
PROD316,COMP010,Stainless Steel Enclosure Shell v2.9,SKU-CON-0316-258,Consumer Goods,756.92,388.86,327,113,20.52,104x69x26 cm
PROD317,COMP003,OLED Display Interface v6.4,SKU-ELE-0317-428,Electronics,1115.3,616.34,325,119,8.67,92x68x51 cm
PROD318,COMP009,Turbocharger Cartridge v5.6,SKU-AUT-0318-519,Automotive,738.15,549.26,317,37,2.11,21x27x57 cm
PROD319,COMP001,Drive Shaft Universal Joint v8.4,SKU-AUT-0319-201,Automotive,70.29,39.15,248,145,23.73,94x80x18 cm
PROD320,COMP001,Variable Frequency Drive (VFD) v2.1,SKU-IND-0320-313,Industrial,1145.37,561.69,90,139,36.08,12x51x37 cm
PROD321,COMP007,Hydraulic Cylinder Assembly v5.9,SKU-IND-0321-141,Industrial,1229.41,627.48,89,75,43.23,17x17x48 cm
PROD322,COMP004,Water Filtration Cartridge v4.4,SKU-CON-0322-638,Consumer Goods,975.89,562.63,141,126,33.61,103x78x24 cm
PROD323,COMP008,Pulse Oximeter Sensor Module v3.3,SKU-MED-0323-663,Medical,536.07,348.8,130,133,42.02,120x45x37 cm
PROD324,COMP006,Pressure Transmitter Gauge v7.6,SKU-IND-0324-723,Industrial,366.94,214.11,242,85,16.3,62x62x27 cm
PROD325,COMP001,Precision Voltage Regulator v1.9,SKU-ELE-0325-238,Electronics,1272.26,844.48,203,76,9.78,45x7x51 cm
PROD326,COMP005,Brushless DC Motor Unit v9.3,SKU-CON-0326-196,Consumer Goods,68.46,44.1,120,87,16.61,79x36x16 cm
PROD327,COMP005,Pneumatic Control Valve v7.4,SKU-IND-0327-851,Industrial,117.75,77.16,297,64,22.05,120x78x54 cm
PROD328,COMP002,Smart Home Gateway Hub v1.7,SKU-CON-0328-180,Consumer Goods,1354.07,665.85,221,109,39.61,60x58x57 cm
PROD329,COMP002,Turbocharger Cartridge v1.7,SKU-AUT-0329-155,Automotive,344.07,267.76,326,58,14.81,94x33x11 cm
PROD330,COMP001,Prosthetic Articulating Joint v9.2,SKU-MED-0330-327,Medical,717.97,374.25,125,53,15.23,65x78x49 cm
PROD331,COMP001,Water Filtration Cartridge v5.2,SKU-CON-0331-508,Consumer Goods,825.64,432.78,116,54,21.72,30x67x27 cm
PROD332,COMP010,ABS Wheel Speed Sensor v9.4,SKU-AUT-0332-348,Automotive,138.49,72.5,215,42,5.2,57x59x25 cm
PROD333,COMP006,Transmission Solenoid Valve v6.1,SKU-AUT-0333-888,Automotive,559.55,267.79,365,133,28.1,61x10x54 cm
PROD334,COMP004,Transmission Solenoid Valve v3.2,SKU-AUT-0334-215,Automotive,920.42,631.9,367,57,39.11,109x41x2 cm
PROD335,COMP006,Precision Voltage Regulator v8.8,SKU-ELE-0335-123,Electronics,545.76,290.45,158,72,24.66,101x38x37 cm
PROD336,COMP008,Stainless Steel Enclosure Shell v1.7,SKU-CON-0336-696,Consumer Goods,1309.51,771.31,180,63,2.85,30x39x5 cm
PROD337,COMP008,FPGA Accelerator Board v7.5,SKU-ELE-0337-778,Electronics,1315.07,726.12,105,24,13.27,118x54x16 cm
PROD338,COMP007,Rechargeable Lithium Battery Pack v6.8,SKU-CON-0338-987,Consumer Goods,679.07,512.58,151,148,43.51,76x7x4 cm
PROD339,COMP004,Smart Home Gateway Hub v6.8,SKU-CON-0339-502,Consumer Goods,804.84,635.93,400,110,16.09,43x35x34 cm
PROD340,COMP005,Precision Voltage Regulator v7.1,SKU-ELE-0340-668,Electronics,1164.05,807.39,224,120,29.61,16x53x35 cm
PROD341,COMP010,High-Intensity LED Headlight Assembly v4.3,SKU-AUT-0341-536,Automotive,1669.85,825.32,218,134,24.47,31x22x39 cm
PROD342,COMP009,Electronic Throttle Body v5.9,SKU-AUT-0342-238,Automotive,753.8,372.68,124,60,14.39,76x73x48 cm
PROD343,COMP002,Transmission Solenoid Valve v3.1,SKU-AUT-0343-883,Automotive,580.3,279.4,260,97,20.02,110x40x11 cm
PROD344,COMP004,High-Power MOSFET Switch v3.1,SKU-ELE-0344-880,Electronics,1487.38,838.24,360,79,26.9,34x8x24 cm
PROD345,COMP002,Surgical Grade Titanium Valve v9.8,SKU-MED-0345-829,Medical,782.66,556.51,248,145,21.4,25x29x16 cm
PROD346,COMP001,Sterile Fluid Delivery Pump v5.7,SKU-MED-0346-327,Medical,1325.55,634.23,154,36,8.09,61x67x46 cm
PROD347,COMP006,Diagnostic Ultrasound Transducer v7.7,SKU-MED-0347-894,Medical,89.12,47.53,244,100,17.83,100x78x40 cm
PROD348,COMP009,Ergonomic Smart Desk Sensor v9.2,SKU-CON-0348-562,Consumer Goods,788.76,395.15,175,121,44.27,10x76x26 cm
PROD349,COMP009,Multi-Layer Ceramic Capacitor Pack v5.8,SKU-ELE-0349-507,Electronics,1436.79,753.18,196,138,7.62,42x11x46 cm
PROD350,COMP009,Air Flow Sensor Module v8.2,SKU-AUT-0350-839,Automotive,605.73,431.8,349,54,17.78,46x62x3 cm
PROD351,COMP003,Medical Grade Power Supply v4.8,SKU-MED-0351-192,Medical,407.92,221.94,133,51,4.24,95x62x42 cm
PROD352,COMP006,LiFePO4 BMS Module v7.9,SKU-ELE-0352-726,Electronics,1269.95,807.92,244,31,34.61,47x77x57 cm
PROD353,COMP003,Electronic Throttle Body v3.1,SKU-AUT-0353-529,Automotive,506.01,270.5,278,93,28.25,20x21x14 cm
PROD354,COMP001,Smart Home Gateway Hub v1.8,SKU-CON-0354-609,Consumer Goods,1247.88,728.91,52,146,10.82,80x65x31 cm
PROD355,COMP007,Pulse Oximeter Sensor Module v1.4,SKU-MED-0355-660,Medical,437.91,245.42,156,32,8.44,12x49x4 cm
PROD356,COMP003,OLED Display Interface v5.6,SKU-ELE-0356-189,Electronics,85.93,53.56,141,61,30.29,83x78x52 cm
PROD357,COMP009,Air Flow Sensor Module v6.1,SKU-AUT-0357-195,Automotive,1000.2,656.13,244,37,34.17,112x75x6 cm
PROD358,COMP005,Surgical Grade Titanium Valve v2.5,SKU-MED-0358-437,Medical,769.81,453.91,157,34,5.05,98x72x7 cm
PROD359,COMP008,Smart Home Gateway Hub v7.6,SKU-CON-0359-365,Consumer Goods,948.38,452.52,231,53,27.7,68x71x48 cm
PROD360,COMP008,Surgical Grade Titanium Valve v4.5,SKU-MED-0360-298,Medical,17.56,13.82,370,50,33.23,31x58x28 cm
PROD361,COMP001,Heavy Duty Conveyor Bearing v9.4,SKU-IND-0361-111,Industrial,1008.28,549.02,180,37,13.95,69x75x22 cm
PROD362,COMP001,Industrial IoT Transceiver v6.7,SKU-ELE-0362-841,Electronics,1010.26,488.97,139,69,14.97,48x66x60 cm
PROD363,COMP008,High-Power MOSFET Switch v8.3,SKU-ELE-0363-742,Electronics,790.74,398.27,221,138,35.31,57x12x55 cm
PROD364,COMP009,Linear Motion Actuator v6.9,SKU-IND-0364-648,Industrial,49.06,28.18,219,110,3.12,24x40x55 cm
PROD365,COMP001,Pressure Transmitter Gauge v9.3,SKU-IND-0365-684,Industrial,732.48,519.76,109,98,31.78,45x9x19 cm
PROD366,COMP007,ARM Cortex Mainboard v4.6,SKU-ELE-0366-562,Electronics,1065.87,707.17,318,97,8.0,52x9x51 cm
PROD367,COMP004,ARM Cortex Mainboard v9.1,SKU-ELE-0367-918,Electronics,698.04,416.73,147,107,41.58,98x72x21 cm
PROD368,COMP006,Drive Shaft Universal Joint v9.3,SKU-AUT-0368-310,Automotive,1015.99,619.33,317,49,0.33,10x16x23 cm
PROD369,COMP008,FPGA Accelerator Board v9.5,SKU-ELE-0369-123,Electronics,751.92,496.21,157,102,9.14,41x40x36 cm
PROD370,COMP006,Pulse Oximeter Sensor Module v5.3,SKU-MED-0370-261,Medical,305.22,241.67,368,46,9.41,49x75x22 cm
PROD371,COMP005,Hydraulic Power Steering Pump v4.3,SKU-AUT-0371-172,Automotive,548.86,273.28,326,133,2.43,8x65x59 cm
PROD372,COMP001,Optocoupler Signal Isolator v1.2,SKU-ELE-0372-536,Electronics,630.0,340.73,353,134,27.79,44x47x54 cm
PROD373,COMP004,Rechargeable Lithium Battery Pack v8.3,SKU-CON-0373-195,Consumer Goods,1408.52,693.26,289,44,20.58,92x64x32 cm
PROD374,COMP004,Electronic Throttle Body v5.6,SKU-AUT-0374-501,Automotive,337.05,166.06,219,103,20.48,8x13x32 cm
PROD375,COMP002,Programmable Logic Controller (PLC) v8.3,SKU-IND-0375-389,Industrial,1156.42,655.65,115,150,4.77,109x18x22 cm
PROD376,COMP009,Precision Voltage Regulator v9.8,SKU-ELE-0376-510,Electronics,736.67,507.07,174,60,43.83,54x13x23 cm
PROD377,COMP004,Water Filtration Cartridge v7.6,SKU-CON-0377-657,Consumer Goods,829.67,593.84,392,39,33.31,96x78x55 cm
PROD378,COMP008,OLED Display Interface v8.6,SKU-ELE-0378-668,Electronics,153.55,94.29,207,123,3.27,18x53x22 cm
PROD379,COMP008,FPGA Accelerator Board v4.3,SKU-ELE-0379-694,Electronics,1377.02,768.98,50,57,29.79,62x73x20 cm
PROD380,COMP007,Ruggedized Product Chassis v8.4,SKU-CON-0380-310,Consumer Goods,886.05,583.27,341,97,41.34,60x49x7 cm
PROD381,COMP010,OLED Display Interface v9.7,SKU-ELE-0381-967,Electronics,179.0,119.33,239,33,0.19,76x50x9 cm
PROD382,COMP005,Multi-Layer Ceramic Capacitor Pack v7.7,SKU-ELE-0382-740,Electronics,439.42,278.93,245,131,24.6,89x27x32 cm
PROD383,COMP003,ABS Wheel Speed Sensor v7.6,SKU-AUT-0383-960,Automotive,541.16,361.93,393,52,6.17,14x7x11 cm
PROD384,COMP008,Surgical Grade Titanium Valve v2.3,SKU-MED-0384-757,Medical,1361.99,687.48,359,128,28.1,63x70x29 cm
PROD385,COMP009,Electrocardiogram Signal Amplifier v6.4,SKU-MED-0385-290,Medical,462.64,368.25,305,80,32.09,39x57x36 cm
PROD386,COMP010,Hydraulic Cylinder Assembly v1.8,SKU-IND-0386-821,Industrial,559.89,321.18,90,56,32.9,72x40x31 cm
PROD387,COMP009,LiFePO4 BMS Module v2.4,SKU-ELE-0387-583,Electronics,980.89,540.68,392,39,30.83,74x79x21 cm
PROD388,COMP010,Industrial IoT Transceiver v9.1,SKU-ELE-0388-580,Electronics,793.41,392.75,343,104,19.03,107x42x20 cm
PROD389,COMP003,OLED Display Interface v5.5,SKU-ELE-0389-162,Electronics,939.57,539.54,343,33,29.59,42x8x20 cm
PROD390,COMP008,High-Power MOSFET Switch v9.2,SKU-ELE-0390-971,Electronics,979.43,668.9,365,91,12.49,37x6x49 cm
PROD391,COMP002,Stainless Steel Enclosure Shell v3.8,SKU-CON-0391-478,Consumer Goods,1014.36,689.07,170,144,8.26,72x9x23 cm
PROD392,COMP002,Turbocharger Cartridge v3.8,SKU-AUT-0392-870,Automotive,1608.86,844.63,171,132,32.71,26x31x38 cm
PROD393,COMP006,Precision Voltage Regulator v2.1,SKU-ELE-0393-271,Electronics,663.76,401.11,293,79,17.18,95x54x32 cm
PROD394,COMP005,ABS Wheel Speed Sensor v7.1,SKU-AUT-0394-395,Automotive,1287.33,789.05,397,100,43.29,92x10x8 cm
PROD395,COMP009,Pressure Transmitter Gauge v5.6,SKU-IND-0395-376,Industrial,314.97,236.19,385,120,20.83,91x35x48 cm
PROD396,COMP010,ABS Wheel Speed Sensor v6.3,SKU-AUT-0396-420,Automotive,858.34,471.13,84,23,18.59,72x18x45 cm
PROD397,COMP008,Variable Frequency Drive (VFD) v5.5,SKU-IND-0397-297,Industrial,72.85,41.01,79,75,42.78,86x20x47 cm
PROD398,COMP002,OLED Display Interface v3.7,SKU-ELE-0398-772,Electronics,1174.48,652.23,144,48,31.35,37x42x31 cm
PROD399,COMP002,Biocompatible Tubing Assembly v7.6,SKU-MED-0399-363,Medical,194.51,148.15,81,117,17.58,12x38x54 cm
PROD400,COMP005,Air Flow Sensor Module v2.8,SKU-AUT-0400-305,Automotive,733.96,523.63,301,47,6.6,103x60x15 cm
PROD401,COMP010,ARM Cortex Mainboard v5.2,SKU-ELE-0401-135,Electronics,127.69,73.57,178,134,0.99,68x24x43 cm
PROD402,COMP001,Optocoupler Signal Isolator v5.3,SKU-ELE-0402-816,Electronics,456.95,288.73,51,145,21.59,56x13x36 cm
PROD403,COMP004,Optocoupler Signal Isolator v8.2,SKU-ELE-0403-680,Electronics,964.43,460.82,220,97,18.12,85x16x25 cm
PROD404,COMP009,Pneumatic Control Valve v8.5,SKU-IND-0404-763,Industrial,314.33,182.61,246,68,13.55,54x18x42 cm
PROD405,COMP006,Pulse Oximeter Sensor Module v8.4,SKU-MED-0405-243,Medical,53.91,42.4,353,81,22.09,13x74x43 cm
PROD406,COMP005,Precision Peristaltic Pump v8.1,SKU-MED-0406-137,Medical,455.97,296.65,71,123,5.45,108x71x31 cm
PROD407,COMP009,Turbocharger Cartridge v4.2,SKU-AUT-0407-137,Automotive,1046.72,628.45,59,140,40.84,84x10x17 cm
PROD408,COMP003,High-Power MOSFET Switch v1.5,SKU-ELE-0408-940,Electronics,1109.12,677.22,137,36,36.83,18x19x33 cm
PROD409,COMP010,High-Efficiency HEPA Air Filter v2.4,SKU-CON-0409-536,Consumer Goods,578.39,295.02,397,122,14.69,92x78x36 cm
PROD410,COMP003,Variable Frequency Drive (VFD) v1.3,SKU-IND-0410-443,Industrial,97.05,65.45,262,63,31.38,75x26x30 cm
PROD411,COMP004,Ergonomic Smart Desk Sensor v3.2,SKU-CON-0411-910,Consumer Goods,1278.66,722.17,130,24,39.6,15x5x2 cm
PROD412,COMP003,OLED Display Interface v5.7,SKU-ELE-0412-810,Electronics,1313.15,688.71,114,72,6.57,39x71x30 cm
PROD413,COMP007,Electronic Throttle Body v1.3,SKU-AUT-0413-834,Automotive,887.22,431.16,371,97,15.75,5x76x17 cm
PROD414,COMP004,LiFePO4 BMS Module v2.6,SKU-ELE-0414-983,Electronics,1110.59,649.94,162,138,34.7,89x31x19 cm
PROD415,COMP001,Drive Shaft Universal Joint v3.8,SKU-AUT-0415-609,Automotive,291.45,160.17,72,33,29.07,41x31x29 cm
PROD416,COMP005,Linear Motion Actuator v8.1,SKU-IND-0416-206,Industrial,1288.06,632.6,140,60,35.38,67x70x9 cm
PROD417,COMP002,Air Flow Sensor Module v6.7,SKU-AUT-0417-303,Automotive,1285.07,638.19,167,48,14.78,17x35x49 cm
PROD418,COMP007,High-Intensity LED Headlight Assembly v4.2,SKU-AUT-0418-582,Automotive,651.35,502.51,273,57,9.85,83x63x13 cm
PROD419,COMP007,High-Torque Servo Motor v8.4,SKU-IND-0419-747,Industrial,462.74,312.82,221,52,1.59,77x12x19 cm
PROD420,COMP003,ARM Cortex Mainboard v8.7,SKU-ELE-0420-275,Electronics,932.93,649.28,201,60,35.56,86x26x38 cm
PROD421,COMP009,Drive Shaft Universal Joint v7.9,SKU-AUT-0421-600,Automotive,1053.38,734.59,292,138,12.67,98x59x49 cm
PROD422,COMP004,Transmission Solenoid Valve v7.4,SKU-AUT-0422-705,Automotive,1631.47,804.99,52,126,44.11,10x65x48 cm
PROD423,COMP009,Optocoupler Signal Isolator v9.7,SKU-ELE-0423-590,Electronics,1272.27,690.64,100,135,22.36,15x76x50 cm
PROD424,COMP001,Diagnostic Ultrasound Transducer v3.6,SKU-MED-0424-402,Medical,446.5,212.71,58,142,30.16,25x63x56 cm
PROD425,COMP010,Ergonomic Smart Desk Sensor v8.8,SKU-CON-0425-890,Consumer Goods,237.61,128.6,144,114,28.26,95x5x57 cm
PROD426,COMP002,Infusion Drip Rate Monitor v9.1,SKU-MED-0426-403,Medical,546.15,369.19,363,73,35.48,15x47x49 cm
PROD427,COMP001,Modular LED Light Strip v1.2,SKU-CON-0427-492,Consumer Goods,566.06,318.68,237,113,8.01,76x13x37 cm
PROD428,COMP004,Transmission Solenoid Valve v4.9,SKU-AUT-0428-216,Automotive,1043.62,556.07,347,73,33.93,102x33x22 cm
PROD429,COMP006,Thermal Imaging Sensor v7.5,SKU-IND-0429-155,Industrial,101.2,65.57,298,148,23.77,20x65x47 cm
PROD430,COMP009,Smart Home Gateway Hub v8.6,SKU-CON-0430-919,Consumer Goods,1060.12,576.39,83,68,40.15,63x16x7 cm
PROD431,COMP007,Hydraulic Power Steering Pump v2.2,SKU-AUT-0431-268,Automotive,448.84,243.6,304,58,39.39,71x7x20 cm
PROD432,COMP007,Stainless Steel Enclosure Shell v8.6,SKU-CON-0432-530,Consumer Goods,690.84,384.23,199,68,2.97,116x34x55 cm
PROD433,COMP009,Pressure Transmitter Gauge v6.6,SKU-IND-0433-597,Industrial,938.56,509.44,330,133,20.69,77x21x59 cm
PROD434,COMP005,Hydraulic Power Steering Pump v4.8,SKU-AUT-0434-480,Automotive,1571.95,825.48,74,57,15.99,63x26x41 cm
PROD435,COMP003,Smart Home Gateway Hub v3.3,SKU-CON-0435-959,Consumer Goods,1222.59,605.54,128,61,10.82,10x45x38 cm
PROD436,COMP003,Biocompatible Tubing Assembly v6.3,SKU-MED-0436-310,Medical,618.73,483.58,212,108,6.79,62x74x12 cm
PROD437,COMP009,Pneumatic Control Valve v1.7,SKU-IND-0437-611,Industrial,1348.75,656.13,213,59,0.34,99x74x34 cm
PROD438,COMP006,Programmable Logic Controller (PLC) v5.3,SKU-IND-0438-918,Industrial,981.89,485.88,276,106,31.06,98x66x59 cm
PROD439,COMP001,ABS Wheel Speed Sensor v2.5,SKU-AUT-0439-125,Automotive,685.44,348.87,278,111,4.3,12x29x39 cm
PROD440,COMP009,Hydraulic Power Steering Pump v4.1,SKU-AUT-0440-185,Automotive,754.74,463.42,393,42,43.92,55x29x33 cm
PROD441,COMP006,Ruggedized Product Chassis v9.1,SKU-CON-0441-782,Consumer Goods,433.21,314.89,268,114,17.47,6x41x24 cm
PROD442,COMP006,Programmable Logic Controller (PLC) v9.2,SKU-IND-0442-320,Industrial,1012.49,622.08,262,133,13.1,108x59x48 cm
PROD443,COMP007,Turbocharger Cartridge v2.3,SKU-AUT-0443-312,Automotive,556.93,266.46,318,105,3.12,80x53x7 cm
PROD444,COMP001,Biocompatible Tubing Assembly v7.3,SKU-MED-0444-669,Medical,692.28,399.53,120,71,8.49,53x42x37 cm
PROD445,COMP008,Precision Voltage Regulator v5.8,SKU-ELE-0445-672,Electronics,910.8,632.13,51,59,11.93,86x65x9 cm
PROD446,COMP005,Surgical Grade Titanium Valve v8.4,SKU-MED-0446-129,Medical,167.07,112.46,84,112,26.21,77x60x57 cm
PROD447,COMP005,Pulse Oximeter Sensor Module v6.9,SKU-MED-0447-850,Medical,972.98,494.28,133,34,6.7,64x22x24 cm
PROD448,COMP003,Precision Voltage Regulator v6.7,SKU-ELE-0448-751,Electronics,1205.41,776.39,198,94,23.9,14x70x14 cm
PROD449,COMP003,OLED Display Interface v3.9,SKU-ELE-0449-430,Electronics,1451.26,743.17,400,97,12.32,94x51x8 cm
PROD450,COMP009,Modular LED Light Strip v3.1,SKU-CON-0450-240,Consumer Goods,699.65,446.47,298,125,15.41,25x18x15 cm
PROD451,COMP003,High-Efficiency HEPA Air Filter v4.9,SKU-CON-0451-728,Consumer Goods,1215.34,590.08,322,49,18.87,14x19x54 cm
PROD452,COMP003,ARM Cortex Mainboard v6.5,SKU-ELE-0452-807,Electronics,614.75,316.15,355,107,7.87,43x8x49 cm
PROD453,COMP002,Electronic Throttle Body v3.4,SKU-AUT-0453-414,Automotive,159.85,117.48,90,128,31.13,105x19x6 cm
PROD454,COMP001,Electrocardiogram Signal Amplifier v1.4,SKU-MED-0454-210,Medical,72.36,39.96,353,35,21.19,37x10x6 cm
PROD455,COMP005,FPGA Accelerator Board v2.4,SKU-ELE-0455-701,Electronics,1079.54,767.23,229,27,4.22,113x40x39 cm
PROD456,COMP006,High-Torque Servo Motor v9.4,SKU-IND-0456-617,Industrial,653.87,490.07,346,23,23.87,96x29x20 cm
PROD457,COMP003,Ergonomic Smart Desk Sensor v2.4,SKU-CON-0457-616,Consumer Goods,1199.55,725.46,351,67,19.87,18x28x55 cm
PROD458,COMP006,Electrocardiogram Signal Amplifier v4.9,SKU-MED-0458-333,Medical,671.32,353.85,210,51,21.05,71x22x33 cm
PROD459,COMP006,Thermal Imaging Sensor v1.2,SKU-IND-0459-435,Industrial,671.8,425.98,283,99,30.96,112x61x16 cm
PROD460,COMP009,Biocompatible Tubing Assembly v7.4,SKU-MED-0460-977,Medical,139.11,70.8,293,114,8.19,91x67x45 cm
PROD461,COMP002,Prosthetic Articulating Joint v9.2,SKU-MED-0461-222,Medical,210.86,132.57,352,46,33.4,119x26x6 cm
PROD462,COMP006,Transmission Solenoid Valve v4.7,SKU-AUT-0462-225,Automotive,334.33,207.53,305,91,34.45,103x79x39 cm
PROD463,COMP005,Infusion Drip Rate Monitor v8.7,SKU-MED-0463-596,Medical,606.23,440.81,282,47,5.63,67x68x16 cm
PROD464,COMP003,FPGA Accelerator Board v1.2,SKU-ELE-0464-610,Electronics,1205.08,580.41,245,103,7.0,84x17x50 cm
PROD465,COMP002,Acoustic Noise-Canceling Core v8.4,SKU-CON-0465-400,Consumer Goods,945.03,567.0,183,107,36.46,74x74x3 cm
PROD466,COMP001,Pulse Oximeter Sensor Module v7.8,SKU-MED-0466-422,Medical,1181.87,726.78,68,28,8.08,89x43x58 cm
PROD467,COMP003,Electrocardiogram Signal Amplifier v3.5,SKU-MED-0467-832,Medical,642.67,338.35,341,145,29.75,92x74x38 cm
PROD468,COMP008,Precision Peristaltic Pump v3.9,SKU-MED-0468-157,Medical,568.43,340.28,243,110,34.53,41x46x5 cm
PROD469,COMP001,Ergonomic Smart Desk Sensor v3.6,SKU-CON-0469-457,Consumer Goods,1205.87,690.5,370,107,17.22,59x49x24 cm
PROD470,COMP007,Hydraulic Cylinder Assembly v4.4,SKU-IND-0470-340,Industrial,973.75,555.27,83,98,5.28,26x7x36 cm
PROD471,COMP006,ARM Cortex Mainboard v7.9,SKU-ELE-0471-531,Electronics,434.22,235.79,351,25,44.36,53x78x26 cm
PROD472,COMP006,Rechargeable Lithium Battery Pack v8.2,SKU-CON-0472-807,Consumer Goods,887.42,577.91,307,106,7.62,43x51x29 cm
PROD473,COMP004,Pulse Oximeter Sensor Module v9.4,SKU-MED-0473-394,Medical,352.49,234.57,343,122,36.24,84x16x47 cm
PROD474,COMP010,OLED Display Interface v6.5,SKU-ELE-0474-168,Electronics,828.38,486.88,268,73,15.73,14x43x34 cm
PROD475,COMP005,Precision Peristaltic Pump v6.4,SKU-MED-0475-524,Medical,622.41,349.43,282,66,39.66,85x71x57 cm
PROD476,COMP003,Acoustic Noise-Canceling Core v4.8,SKU-CON-0476-374,Consumer Goods,1357.77,797.37,364,131,42.07,98x12x35 cm
PROD477,COMP004,Programmable Logic Controller (PLC) v3.4,SKU-IND-0477-254,Industrial,1211.96,637.64,272,125,14.44,111x13x42 cm
PROD478,COMP004,Biocompatible Tubing Assembly v5.3,SKU-MED-0478-362,Medical,852.64,587.74,172,49,6.88,8x36x53 cm
PROD479,COMP005,Prosthetic Articulating Joint v9.7,SKU-MED-0479-532,Medical,710.31,554.3,131,89,6.27,38x40x44 cm
PROD480,COMP009,Heavy-Duty Braking Rotor v8.1,SKU-AUT-0480-156,Automotive,967.75,732.4,358,96,39.04,120x57x59 cm
PROD481,COMP006,Optocoupler Signal Isolator v3.4,SKU-ELE-0481-214,Electronics,822.01,490.69,111,84,22.42,16x35x40 cm
PROD482,COMP002,Heavy Duty Conveyor Bearing v7.4,SKU-IND-0482-533,Industrial,261.56,195.08,159,90,19.86,37x80x5 cm
PROD483,COMP008,Modular LED Light Strip v2.6,SKU-CON-0483-658,Consumer Goods,672.5,367.42,192,57,16.43,96x52x54 cm
PROD484,COMP005,OLED Display Interface v1.1,SKU-ELE-0484-807,Electronics,1421.85,780.87,179,118,14.02,94x51x59 cm
PROD485,COMP002,High-Efficiency HEPA Air Filter v8.7,SKU-CON-0485-108,Consumer Goods,1226.75,774.45,180,97,4.2,110x35x21 cm
PROD486,COMP004,Air Flow Sensor Module v6.7,SKU-AUT-0486-908,Automotive,81.21,40.88,301,140,33.2,112x47x47 cm
PROD487,COMP007,High-Power MOSFET Switch v5.9,SKU-ELE-0487-167,Electronics,541.19,307.18,330,103,20.48,8x11x43 cm
PROD488,COMP003,Surgical Grade Titanium Valve v1.7,SKU-MED-0488-304,Medical,817.03,538.7,92,48,7.23,71x21x56 cm
PROD489,COMP010,Infusion Drip Rate Monitor v8.8,SKU-MED-0489-994,Medical,924.46,628.21,353,103,36.01,30x15x28 cm
PROD490,COMP006,High-Intensity LED Headlight Assembly v7.4,SKU-AUT-0490-121,Automotive,1641.02,806.54,381,78,40.82,64x30x18 cm
PROD491,COMP003,Optocoupler Signal Isolator v7.5,SKU-ELE-0491-252,Electronics,136.1,87.09,340,50,0.78,72x60x51 cm
PROD492,COMP008,Pulse Oximeter Sensor Module v4.4,SKU-MED-0492-295,Medical,1562.48,804.82,186,93,33.63,53x21x29 cm
PROD493,COMP004,High-Efficiency HEPA Air Filter v5.4,SKU-CON-0493-528,Consumer Goods,314.62,163.56,64,94,43.93,35x62x60 cm
PROD494,COMP004,Linear Motion Actuator v8.2,SKU-IND-0494-110,Industrial,806.62,405.19,253,74,32.14,95x59x49 cm
PROD495,COMP010,Pneumatic Control Valve v2.9,SKU-IND-0495-160,Industrial,114.6,56.14,291,110,44.85,90x10x2 cm
PROD496,COMP005,Ruggedized Product Chassis v7.5,SKU-CON-0496-504,Consumer Goods,782.95,574.68,336,30,26.18,38x26x34 cm
PROD497,COMP008,Programmable Logic Controller (PLC) v3.2,SKU-IND-0497-424,Industrial,982.67,607.34,183,49,14.2,21x68x57 cm
PROD498,COMP005,Pressure Transmitter Gauge v5.5,SKU-IND-0498-727,Industrial,1441.23,707.28,314,100,19.69,26x45x49 cm
PROD499,COMP008,ABS Wheel Speed Sensor v8.1,SKU-AUT-0499-293,Automotive,197.97,136.97,68,140,11.82,95x64x29 cm
PROD500,COMP002,Sterile Fluid Delivery Pump v8.6,SKU-MED-0500-826,Medical,790.4,482.22,107,57,5.7,16x31x57 cm
