purchase_order_id,supplier_id,status,order_date,expected_delivery,actual_delivery,total_amount
PO00001,SUP074,Shipped,2026-03-13,2026-03-19,,58235.52
PO00002,SUP064,Delivered,2026-05-30,2026-06-20,2026-06-21,876875.64
PO00003,SUP070,Shipped,2026-06-05,2026-06-13,,145722.5
PO00004,SUP047,Pending,2026-02-12,2026-02-25,,659422.42
PO00005,SUP045,Approved,2025-09-25,2025-10-04,,294383.25
PO00006,SUP075,Shipped,2026-04-13,2026-05-08,,433527.67
PO00007,SUP008,Delivered,2026-06-28,2026-07-19,2026-07-20,139299.7
PO00008,SUP029,Pending,2026-01-20,2026-02-09,,510881.16
PO00009,SUP011,Shipped,2025-12-08,2025-12-27,,226259.16
PO00010,SUP034,Shipped,2025-09-23,2025-10-09,,525113.13
PO00011,SUP019,Delivered,2026-03-01,2026-03-25,2026-03-25,244302.59
PO00012,SUP074,Delivered,2025-09-28,2025-10-10,2025-10-11,428412.71
PO00013,SUP018,Pending,2025-11-05,2025-11-27,,199029.54
PO00014,SUP077,Shipped,2026-01-14,2026-01-24,,120317.94
PO00015,SUP061,Delivered,2025-08-02,2025-08-22,2025-08-20,104747.49
PO00016,SUP035,Pending,2025-10-27,2025-11-14,,157672.52
PO00017,SUP025,Shipped,2026-01-14,2026-01-30,,92858.45
PO00018,SUP056,Delivered,2025-09-15,2025-09-26,2025-09-24,223475.58
PO00019,SUP046,Shipped,2025-10-07,2025-11-01,,647557.56
PO00020,SUP070,Delivered,2025-09-01,2025-09-22,2025-09-24,100024.16
PO00021,SUP057,Approved,2025-09-06,2025-09-15,,731980.08
PO00022,SUP028,Delivered,2025-09-23,2025-10-05,2025-10-15,137871.88
PO00023,SUP053,Approved,2026-03-17,2026-04-04,,639471.39
PO00024,SUP065,Delivered,2025-10-03,2025-10-26,2025-10-26,270243.97
PO00025,SUP059,Delivered,2026-05-26,2026-06-04,2026-06-04,398332.97
PO00026,SUP064,Approved,2026-02-23,2026-03-13,,351243.89
PO00027,SUP078,Cancelled,2025-08-03,2025-08-18,,481622.98
PO00028,SUP027,Delivered,2025-08-17,2025-08-28,2025-09-01,417664.18
PO00029,SUP014,Delivered,2026-06-02,2026-06-07,2026-06-07,330663.63
PO00030,SUP041,Delivered,2026-07-07,2026-07-15,2026-07-13,209856.65
PO00031,SUP055,Approved,2025-08-30,2025-09-07,,160641.0
PO00032,SUP029,Delivered,2026-06-11,2026-07-06,2026-07-05,1078438.34
PO00033,SUP031,Delivered,2026-05-06,2026-05-14,2026-05-13,443169.16
PO00034,SUP049,Delivered,2025-08-07,2025-08-28,2025-08-27,430885.23
PO00035,SUP023,Delivered,2026-01-07,2026-01-27,2026-01-29,533006.74
PO00036,SUP071,Cancelled,2025-10-14,2025-11-01,,227673.32
PO00037,SUP044,Pending,2026-03-01,2026-03-10,,628059.88
PO00038,SUP079,Delivered,2026-04-12,2026-05-07,2026-05-12,214419.19
PO00039,SUP062,Delivered,2025-11-03,2025-11-21,2025-11-22,124013.14
PO00040,SUP007,Cancelled,2025-11-18,2025-12-06,,213699.1
PO00041,SUP072,Delivered,2026-07-11,2026-07-21,2026-07-24,271501.13
PO00042,SUP068,Delivered,2026-03-21,2026-03-28,2026-03-27,778216.79
PO00043,SUP051,Approved,2025-08-21,2025-09-10,,233771.65
PO00044,SUP023,Cancelled,2025-12-24,2026-01-13,,842014.22
PO00045,SUP069,Delivered,2026-06-12,2026-06-22,2026-06-27,159730.4
PO00046,SUP043,Delivered,2025-10-18,2025-11-11,2025-11-10,206878.16
PO00047,SUP023,Cancelled,2026-01-15,2026-01-28,,319246.17
PO00048,SUP032,Delivered,2025-12-30,2026-01-19,2026-01-19,608535.78
PO00049,SUP040,Shipped,2025-12-16,2026-01-04,,464294.06
PO00050,SUP074,Approved,2025-12-17,2026-01-04,,549614.59
PO00051,SUP031,Delivered,2026-01-27,2026-02-12,2026-02-12,130814.95
PO00052,SUP044,Delivered,2026-05-04,2026-05-24,2026-05-22,477107.93
PO00053,SUP079,Delivered,2025-11-05,2025-11-13,2025-11-12,633254.29
PO00054,SUP027,Approved,2026-02-08,2026-02-26,,26646.1
PO00055,SUP015,Pending,2026-01-07,2026-01-24,,287450.04
PO00056,SUP027,Shipped,2025-08-04,2025-08-22,,252482.7
PO00057,SUP073,Approved,2026-02-15,2026-02-28,,316530.83
PO00058,SUP030,Approved,2026-02-11,2026-02-19,,331978.05
PO00059,SUP014,Pending,2026-04-01,2026-04-08,,187981.79
PO00060,SUP075,Shipped,2026-03-27,2026-04-09,,170453.5
PO00061,SUP078,Delivered,2026-05-21,2026-06-06,2026-06-10,26258.06
PO00062,SUP043,Shipped,2026-03-14,2026-03-26,,328408.88
PO00063,SUP061,Delivered,2025-12-01,2025-12-17,2025-12-21,440102.69
PO00064,SUP068,Delivered,2026-02-09,2026-03-01,2026-02-27,256600.48
PO00065,SUP055,Pending,2025-12-29,2026-01-21,,501460.39
PO00066,SUP057,Shipped,2025-09-11,2025-09-25,,111842.91
PO00067,SUP044,Approved,2025-10-05,2025-10-25,,709649.47
PO00068,SUP045,Approved,2025-10-02,2025-10-17,,341922.11
PO00069,SUP068,Delivered,2025-09-29,2025-10-16,2025-10-18,404903.14
PO00070,SUP021,Delivered,2025-09-29,2025-10-09,2025-10-11,438149.35
PO00071,SUP027,Shipped,2026-03-29,2026-04-11,,459553.06
PO00072,SUP040,Delivered,2026-01-10,2026-02-04,2026-02-12,449741.82
PO00073,SUP012,Delivered,2026-02-23,2026-03-02,2026-03-03,327664.59
PO00074,SUP017,Delivered,2026-04-30,2026-05-12,2026-05-14,83597.12
PO00075,SUP059,Approved,2025-12-04,2025-12-19,,389179.73
PO00076,SUP009,Delivered,2026-06-29,2026-07-14,2026-07-13,485862.0
PO00077,SUP071,Delivered,2025-10-16,2025-10-30,2025-11-08,119761.08
PO00078,SUP023,Shipped,2026-07-05,2026-07-12,,260919.43
PO00079,SUP061,Shipped,2025-12-28,2026-01-14,,347165.65
PO00080,SUP068,Approved,2025-11-26,2025-12-02,,88697.25
PO00081,SUP038,Approved,2025-09-07,2025-09-14,,163928.1
PO00082,SUP077,Delivered,2025-09-20,2025-10-15,2025-10-17,408907.9
PO00083,SUP055,Shipped,2025-10-15,2025-10-22,,240586.84
PO00084,SUP042,Approved,2025-11-28,2025-12-06,,406375.1
PO00085,SUP002,Shipped,2026-01-13,2026-02-07,,54242.88
PO00086,SUP028,Delivered,2026-07-01,2026-07-09,2026-07-09,318585.25
PO00087,SUP070,Delivered,2026-07-17,2026-07-23,2026-07-25,430005.15
PO00088,SUP042,Delivered,2026-02-09,2026-02-15,2026-02-26,66431.78
PO00089,SUP042,Delivered,2025-12-21,2026-01-15,2026-01-15,18031.75
PO00090,SUP031,Approved,2025-11-23,2025-12-09,,471343.58
PO00091,SUP032,Shipped,2026-06-05,2026-06-25,,291444.74
PO00092,SUP065,Delivered,2025-10-19,2025-11-04,2025-11-02,459822.47
PO00093,SUP041,Pending,2025-08-03,2025-08-26,,409723.16
PO00094,SUP015,Delivered,2026-06-15,2026-07-02,2026-07-03,363653.6
PO00095,SUP003,Shipped,2026-07-03,2026-07-19,,394673.96
PO00096,SUP020,Delivered,2026-04-29,2026-05-12,2026-05-11,575347.23
PO00097,SUP078,Delivered,2025-10-28,2025-11-11,2025-11-24,229763.21
PO00098,SUP035,Pending,2026-06-22,2026-07-09,,1047376.32
PO00099,SUP004,Delivered,2026-04-30,2026-05-25,2026-06-05,499893.75
PO00100,SUP016,Delivered,2026-05-26,2026-06-10,2026-06-12,299282.58
PO00101,SUP031,Cancelled,2025-11-03,2025-11-18,,688670.05
PO00102,SUP028,Delivered,2026-01-24,2026-02-11,2026-02-16,144532.96
PO00103,SUP034,Pending,2025-12-21,2025-12-31,,179768.12
PO00104,SUP063,Approved,2026-04-08,2026-04-21,,373093.59
PO00105,SUP040,Delivered,2025-08-07,2025-08-31,2025-08-29,338156.62
PO00106,SUP066,Delivered,2026-06-13,2026-07-07,2026-07-07,1062137.9
PO00107,SUP001,Delivered,2026-05-22,2026-06-07,2026-06-09,477018.6
PO00108,SUP078,Approved,2025-12-30,2026-01-09,,100152.2
PO00109,SUP059,Delivered,2026-03-21,2026-03-30,2026-03-28,134312.64
PO00110,SUP010,Approved,2025-10-16,2025-10-23,,43318.97
PO00111,SUP010,Approved,2025-11-15,2025-11-21,,483058.98
PO00112,SUP006,Approved,2025-12-12,2025-12-29,,399333.81
PO00113,SUP037,Delivered,2025-09-23,2025-10-03,2025-10-02,195902.78
PO00114,SUP005,Delivered,2025-12-06,2025-12-27,2025-12-28,1025248.72
PO00115,SUP062,Pending,2026-04-27,2026-05-13,,346782.95
PO00116,SUP080,Approved,2025-11-24,2025-12-02,,508548.54
PO00117,SUP018,Shipped,2025-08-28,2025-09-18,,496103.2
PO00118,SUP027,Shipped,2026-02-07,2026-02-15,,441148.18
PO00119,SUP070,Shipped,2026-06-03,2026-06-25,,250631.55
PO00120,SUP001,Approved,2026-06-23,2026-07-06,,422084.73
PO00121,SUP030,Delivered,2025-09-19,2025-10-01,2025-10-02,321708.86
PO00122,SUP022,Shipped,2026-02-04,2026-02-19,,555774.86
PO00123,SUP042,Delivered,2026-01-30,2026-02-14,2026-02-16,716741.15
PO00124,SUP013,Delivered,2026-04-19,2026-04-24,2026-04-23,185742.77
PO00125,SUP018,Delivered,2026-05-01,2026-05-14,2026-05-16,146112.66
PO00126,SUP022,Cancelled,2026-04-21,2026-05-11,,276699.32
PO00127,SUP042,Delivered,2025-11-29,2025-12-10,2025-12-11,751342.41
PO00128,SUP008,Delivered,2026-07-06,2026-07-23,2026-07-22,4911.78
PO00129,SUP074,Delivered,2025-09-05,2025-09-23,2025-09-21,165430.9
PO00130,SUP029,Pending,2025-12-04,2025-12-24,,254524.44
PO00131,SUP030,Delivered,2026-06-15,2026-06-22,2026-06-20,270863.02
PO00132,SUP028,Pending,2025-09-19,2025-10-11,,604357.87
PO00133,SUP017,Pending,2025-10-13,2025-10-21,,366363.97
PO00134,SUP062,Approved,2026-02-01,2026-02-16,,112530.11
PO00135,SUP055,Delivered,2025-10-08,2025-10-31,2025-10-29,100224.9
PO00136,SUP029,Shipped,2026-03-14,2026-04-07,,270587.1
PO00137,SUP021,Delivered,2025-08-18,2025-09-11,2025-09-13,510758.24
PO00138,SUP042,Pending,2026-05-03,2026-05-11,,994055.7
PO00139,SUP034,Shipped,2026-03-11,2026-03-26,,1021104.01
PO00140,SUP008,Delivered,2026-06-22,2026-07-08,2026-07-08,434555.4
PO00141,SUP036,Pending,2025-10-29,2025-11-04,,167290.58
PO00142,SUP064,Delivered,2026-06-04,2026-06-28,2026-06-26,15580.16
PO00143,SUP010,Approved,2025-12-10,2026-01-04,,423205.84
PO00144,SUP069,Pending,2026-06-19,2026-07-09,,249186.25
PO00145,SUP033,Delivered,2025-12-18,2026-01-05,2026-01-07,34089.73
PO00146,SUP006,Delivered,2025-08-20,2025-08-25,2025-08-26,169947.02
PO00147,SUP080,Delivered,2026-04-28,2026-05-09,2026-05-11,221766.63
PO00148,SUP003,Shipped,2026-05-10,2026-06-02,,379304.38
PO00149,SUP008,Pending,2025-11-07,2025-11-28,,423328.26
PO00150,SUP022,Delivered,2025-09-24,2025-10-11,2025-10-11,348144.85
PO00151,SUP048,Delivered,2026-06-05,2026-06-10,2026-06-08,48663.75
PO00152,SUP010,Delivered,2025-12-10,2025-12-17,2025-12-17,438126.5
PO00153,SUP050,Delivered,2025-09-21,2025-10-16,2025-10-22,397538.96
PO00154,SUP075,Delivered,2026-03-30,2026-04-05,2026-04-12,393767.28
PO00155,SUP036,Shipped,2026-03-03,2026-03-17,,306491.82
PO00156,SUP078,Delivered,2025-11-01,2025-11-14,2025-11-12,993906.59
PO00157,SUP031,Delivered,2026-06-20,2026-06-29,2026-06-29,396036.47
PO00158,SUP077,Delivered,2025-10-20,2025-11-12,2025-11-12,408513.45
PO00159,SUP068,Delivered,2026-05-22,2026-06-05,2026-06-08,157660.0
PO00160,SUP044,Delivered,2026-05-06,2026-05-19,2026-05-18,396379.84
PO00161,SUP038,Delivered,2026-04-15,2026-05-05,2026-05-06,485761.77
PO00162,SUP062,Shipped,2025-12-09,2026-01-01,,199659.38
PO00163,SUP068,Pending,2025-12-06,2025-12-19,,617217.84
PO00164,SUP059,Approved,2025-10-04,2025-10-26,,331994.89
PO00165,SUP059,Shipped,2026-02-21,2026-02-27,,81479.44
PO00166,SUP011,Delivered,2026-06-04,2026-06-15,2026-06-14,542981.07
PO00167,SUP079,Approved,2026-03-18,2026-04-05,,225004.83
PO00168,SUP002,Delivered,2026-01-29,2026-02-16,2026-02-17,10368.51
PO00169,SUP048,Delivered,2026-03-12,2026-03-23,2026-03-25,473771.48
PO00170,SUP063,Pending,2026-01-03,2026-01-16,,263541.92
PO00171,SUP015,Shipped,2026-01-29,2026-02-17,,373942.44
PO00172,SUP060,Delivered,2025-08-29,2025-09-07,2025-09-05,218751.96
PO00173,SUP037,Shipped,2025-12-23,2025-12-29,,460059.25
PO00174,SUP069,Shipped,2026-01-13,2026-01-22,,234107.94
PO00175,SUP035,Delivered,2026-05-09,2026-05-22,2026-05-22,412576.02
PO00176,SUP053,Approved,2026-01-21,2026-02-03,,691328.04
PO00177,SUP028,Delivered,2026-03-19,2026-03-29,2026-03-30,506022.82
PO00178,SUP019,Delivered,2026-05-20,2026-06-04,2026-06-06,277681.8
PO00179,SUP075,Cancelled,2025-10-20,2025-11-14,,530517.36
PO00180,SUP079,Delivered,2026-06-22,2026-07-02,2026-07-03,352488.24
PO00181,SUP040,Shipped,2025-10-28,2025-11-22,,418257.4
PO00182,SUP026,Delivered,2025-08-24,2025-08-30,2025-09-01,166170.58
PO00183,SUP056,Shipped,2026-04-02,2026-04-22,,409688.47
PO00184,SUP054,Cancelled,2026-05-16,2026-05-23,,9675.82
PO00185,SUP050,Approved,2026-07-15,2026-08-02,,726926.47
PO00186,SUP023,Shipped,2025-10-30,2025-11-15,,499140.35
PO00187,SUP008,Delivered,2026-04-18,2026-04-27,2026-04-28,12014.2
PO00188,SUP003,Delivered,2025-11-09,2025-11-20,2025-11-20,274184.08
PO00189,SUP075,Pending,2025-11-15,2025-12-05,,116141.52
PO00190,SUP056,Delivered,2025-10-29,2025-11-11,2025-11-09,379305.74
PO00191,SUP074,Delivered,2026-06-09,2026-07-03,2026-07-16,350189.02
PO00192,SUP006,Approved,2025-09-24,2025-10-16,,468571.95
PO00193,SUP034,Shipped,2026-01-30,2026-02-22,,189443.14
PO00194,SUP025,Delivered,2026-05-16,2026-05-22,2026-05-24,316364.34
PO00195,SUP075,Shipped,2025-11-20,2025-12-13,,446578.98
PO00196,SUP046,Delivered,2026-07-13,2026-07-27,2026-07-29,293344.54
PO00197,SUP062,Approved,2026-06-18,2026-07-10,,525826.89
PO00198,SUP023,Delivered,2026-04-01,2026-04-10,2026-04-08,317471.88
PO00199,SUP021,Shipped,2026-01-16,2026-02-01,,81400.0
PO00200,SUP055,Shipped,2026-06-07,2026-06-16,,949951.93
PO00201,SUP032,Delivered,2025-10-13,2025-10-30,2025-10-31,488178.85
PO00202,SUP066,Delivered,2026-04-27,2026-05-20,2026-05-22,404573.24
PO00203,SUP068,Cancelled,2026-03-15,2026-03-25,,530277.3
PO00204,SUP069,Shipped,2026-06-12,2026-06-19,,37830.98
PO00205,SUP049,Delivered,2025-10-24,2025-11-17,2025-11-19,601697.48
PO00206,SUP013,Delivered,2026-04-06,2026-04-18,2026-04-29,309071.79
PO00207,SUP059,Delivered,2026-05-18,2026-05-25,2026-06-01,389844.12
PO00208,SUP047,Shipped,2025-09-21,2025-10-05,,121935.72
PO00209,SUP029,Delivered,2026-01-10,2026-01-15,2026-01-21,91017.09
PO00210,SUP009,Delivered,2025-08-16,2025-08-24,2025-08-26,22914.76
PO00211,SUP051,Shipped,2025-11-24,2025-12-01,,506249.7
PO00212,SUP009,Cancelled,2026-03-25,2026-04-07,,180630.5
PO00213,SUP064,Cancelled,2025-08-04,2025-08-14,,803503.76
PO00214,SUP031,Delivered,2026-04-04,2026-04-29,2026-04-27,367537.69
PO00215,SUP053,Approved,2026-05-10,2026-06-03,,439518.89
PO00216,SUP034,Pending,2025-08-01,2025-08-19,,262423.49
PO00217,SUP043,Shipped,2026-05-31,2026-06-18,,725020.44
PO00218,SUP032,Shipped,2025-08-22,2025-09-04,,32863.0
PO00219,SUP072,Delivered,2025-08-16,2025-08-22,2025-08-22,397228.4
PO00220,SUP015,Delivered,2026-01-15,2026-02-08,2026-02-09,760291.89
PO00221,SUP036,Delivered,2026-04-11,2026-05-01,2026-05-02,973503.7
PO00222,SUP043,Shipped,2026-01-10,2026-01-30,,159782.59
PO00223,SUP040,Shipped,2025-12-12,2025-12-18,,473484.73
PO00224,SUP065,Shipped,2025-09-26,2025-10-16,,312767.82
PO00225,SUP014,Delivered,2025-10-21,2025-11-10,2025-11-08,260373.71
PO00226,SUP072,Delivered,2025-09-19,2025-10-06,2025-10-17,717696.62
PO00227,SUP043,Shipped,2026-04-08,2026-04-14,,813166.3
PO00228,SUP006,Shipped,2025-12-27,2026-01-03,,227207.73
PO00229,SUP018,Delivered,2025-12-12,2025-12-21,2025-12-22,102730.4
PO00230,SUP069,Pending,2026-01-25,2026-01-31,,296491.13
PO00231,SUP066,Delivered,2025-10-30,2025-11-17,2025-11-19,92170.18
PO00232,SUP009,Shipped,2026-05-16,2026-06-06,,97353.72
PO00233,SUP001,Shipped,2026-02-12,2026-03-06,,265107.35
PO00234,SUP006,Shipped,2025-09-09,2025-09-22,,162322.53
PO00235,SUP029,Delivered,2026-06-30,2026-07-19,2026-07-17,94987.71
PO00236,SUP059,Delivered,2026-01-13,2026-01-19,2026-01-29,432135.69
PO00237,SUP069,Delivered,2025-08-03,2025-08-22,2025-08-24,182118.48
PO00238,SUP048,Shipped,2026-03-12,2026-03-20,,417129.26
PO00239,SUP062,Delivered,2025-08-24,2025-09-11,2025-09-10,116004.78
PO00240,SUP021,Delivered,2025-10-30,2025-11-21,2025-11-21,281100.57
PO00241,SUP020,Approved,2025-10-21,2025-11-09,,349581.08
PO00242,SUP069,Approved,2026-03-05,2026-03-24,,224841.66
PO00243,SUP068,Delivered,2025-09-22,2025-10-02,2025-09-30,139931.27
PO00244,SUP035,Delivered,2026-03-27,2026-04-21,2026-04-22,652478.93
PO00245,SUP004,Pending,2026-07-10,2026-07-20,,96256.87
PO00246,SUP069,Approved,2025-09-19,2025-09-24,,431460.49
PO00247,SUP005,Delivered,2026-02-23,2026-03-20,2026-03-23,297522.59
PO00248,SUP008,Approved,2026-02-07,2026-02-22,,172803.34
PO00249,SUP049,Delivered,2026-03-12,2026-03-30,2026-04-11,314744.04
PO00250,SUP045,Delivered,2026-02-20,2026-03-03,2026-03-01,239445.24
PO00251,SUP049,Delivered,2025-11-05,2025-11-14,2025-11-16,226555.38
PO00252,SUP006,Delivered,2025-08-11,2025-08-28,2025-08-26,888719.49
PO00253,SUP072,Delivered,2025-09-19,2025-10-11,2025-10-11,242385.94
PO00254,SUP001,Shipped,2026-01-13,2026-02-04,,599057.14
PO00255,SUP073,Approved,2025-08-14,2025-08-19,,75765.09
PO00256,SUP041,Delivered,2026-03-01,2026-03-06,2026-03-08,633322.62
PO00257,SUP036,Delivered,2026-07-16,2026-07-28,2026-07-30,163094.62
PO00258,SUP060,Delivered,2025-08-27,2025-09-21,2025-09-21,307747.09
PO00259,SUP017,Delivered,2026-04-29,2026-05-22,2026-06-01,125333.82
PO00260,SUP007,Shipped,2026-06-19,2026-06-25,,328217.07
PO00261,SUP042,Delivered,2026-01-16,2026-01-30,2026-02-01,337243.97
PO00262,SUP063,Shipped,2026-02-12,2026-02-22,,256260.68
PO00263,SUP057,Approved,2026-01-09,2026-01-21,,272124.56
PO00264,SUP047,Pending,2026-02-06,2026-02-12,,344279.74
PO00265,SUP057,Delivered,2026-03-31,2026-04-16,2026-04-24,67473.0
PO00266,SUP080,Delivered,2025-10-01,2025-10-22,2025-10-20,364478.34
PO00267,SUP038,Approved,2025-08-12,2025-08-17,,318282.64
PO00268,SUP055,Delivered,2025-11-17,2025-11-28,2025-11-27,554097.02
PO00269,SUP072,Delivered,2026-05-26,2026-06-08,2026-06-10,138451.26
PO00270,SUP006,Delivered,2025-10-17,2025-11-02,2025-11-08,20566.48
PO00271,SUP049,Cancelled,2026-02-04,2026-02-22,,187220.0
PO00272,SUP006,Shipped,2025-10-16,2025-10-30,,307736.08
PO00273,SUP027,Delivered,2025-12-31,2026-01-24,2026-02-06,27353.47
PO00274,SUP073,Approved,2026-03-09,2026-03-26,,167044.46
PO00275,SUP045,Delivered,2025-11-08,2025-11-15,2025-11-15,494439.55
PO00276,SUP016,Shipped,2026-05-06,2026-05-29,,116723.99
PO00277,SUP049,Delivered,2026-07-01,2026-07-09,2026-07-11,580108.67
PO00278,SUP026,Pending,2025-10-19,2025-10-30,,472853.74
PO00279,SUP031,Approved,2026-05-19,2026-06-05,,834498.75
PO00280,SUP064,Pending,2025-08-03,2025-08-08,,471046.9
PO00281,SUP056,Delivered,2026-03-08,2026-03-29,2026-03-27,179753.49
PO00282,SUP021,Delivered,2026-04-02,2026-04-23,2026-04-24,111895.29
PO00283,SUP063,Approved,2025-08-30,2025-09-21,,19053.24
PO00284,SUP025,Delivered,2025-08-23,2025-09-15,2025-09-13,156121.47
PO00285,SUP022,Shipped,2026-04-13,2026-04-19,,213213.35
PO00286,SUP051,Approved,2025-08-02,2025-08-25,,1181047.95
PO00287,SUP025,Shipped,2026-04-28,2026-05-08,,556435.08
PO00288,SUP074,Shipped,2025-08-08,2025-08-25,,46000.32
PO00289,SUP065,Delivered,2026-04-26,2026-05-03,2026-05-02,60473.24
PO00290,SUP021,Shipped,2026-05-06,2026-05-19,,332414.48
PO00291,SUP003,Shipped,2025-09-08,2025-09-27,,625279.48
PO00292,SUP059,Cancelled,2026-03-15,2026-03-20,,263189.03
PO00293,SUP008,Delivered,2025-12-14,2026-01-05,2026-01-07,391319.9
PO00294,SUP034,Shipped,2026-04-29,2026-05-18,,119315.63
PO00295,SUP035,Delivered,2026-05-01,2026-05-13,2026-05-22,1021341.41
PO00296,SUP018,Shipped,2025-11-02,2025-11-10,,758486.06
PO00297,SUP055,Delivered,2026-03-01,2026-03-15,2026-03-28,258306.72
PO00298,SUP074,Delivered,2026-07-17,2026-07-31,2026-07-29,373604.66
PO00299,SUP057,Delivered,2026-06-25,2026-07-10,2026-07-09,54740.02
PO00300,SUP017,Shipped,2026-04-27,2026-05-18,,87946.8
PO00301,SUP041,Delivered,2026-06-22,2026-06-30,2026-07-01,108512.25
PO00302,SUP010,Shipped,2025-10-25,2025-11-02,,64310.4
PO00303,SUP044,Shipped,2025-10-10,2025-10-23,,1051938.83
PO00304,SUP005,Shipped,2026-06-12,2026-07-02,,69838.03
PO00305,SUP068,Shipped,2025-08-08,2025-08-27,,472055.19
PO00306,SUP002,Delivered,2026-01-18,2026-02-06,2026-02-07,731217.77
PO00307,SUP041,Delivered,2026-01-23,2026-02-17,2026-02-25,186322.95
PO00308,SUP034,Shipped,2026-03-05,2026-03-22,,236994.91
PO00309,SUP074,Delivered,2026-03-26,2026-04-05,2026-04-19,266007.13
PO00310,SUP013,Shipped,2025-12-12,2025-12-20,,923013.95
PO00311,SUP069,Delivered,2025-11-30,2025-12-24,2025-12-30,445956.22
PO00312,SUP050,Approved,2026-01-31,2026-02-25,,351979.05
PO00313,SUP073,Shipped,2026-03-09,2026-03-16,,112293.84
PO00314,SUP047,Shipped,2026-04-12,2026-04-25,,417627.75
PO00315,SUP026,Delivered,2025-09-10,2025-09-24,2025-09-26,372100.2
PO00316,SUP047,Pending,2026-02-21,2026-02-27,,513501.57
PO00317,SUP037,Delivered,2026-06-22,2026-06-28,2026-06-29,357454.64
PO00318,SUP011,Pending,2026-06-02,2026-06-10,,410546.29
PO00319,SUP042,Shipped,2026-01-07,2026-01-19,,958037.09
PO00320,SUP017,Delivered,2026-04-09,2026-04-23,2026-04-22,649230.68
PO00321,SUP024,Delivered,2025-10-06,2025-10-21,2025-10-23,1008161.23
PO00322,SUP052,Delivered,2025-09-24,2025-09-30,2025-09-28,381440.23
PO00323,SUP009,Delivered,2026-04-11,2026-04-18,2026-04-18,83238.46
PO00324,SUP023,Approved,2026-03-23,2026-04-10,,868073.62
PO00325,SUP053,Shipped,2026-03-09,2026-03-25,,256409.16
PO00326,SUP063,Delivered,2025-12-13,2025-12-20,2025-12-29,523009.04
PO00327,SUP046,Approved,2026-05-09,2026-05-31,,132265.88
PO00328,SUP077,Delivered,2026-05-15,2026-06-04,2026-06-06,722020.18
PO00329,SUP045,Delivered,2025-10-23,2025-11-13,2025-11-12,93713.52
PO00330,SUP007,Delivered,2025-09-20,2025-10-07,2025-10-07,574773.01
PO00331,SUP036,Shipped,2025-12-26,2026-01-07,,461323.72
PO00332,SUP040,Shipped,2026-03-22,2026-04-12,,236063.94
PO00333,SUP064,Delivered,2025-12-23,2025-12-29,2025-12-30,92589.84
PO00334,SUP017,Shipped,2026-06-22,2026-07-09,,483950.53
PO00335,SUP062,Approved,2026-04-19,2026-04-30,,307982.46
PO00336,SUP002,Shipped,2026-06-18,2026-06-25,,448393.96
PO00337,SUP038,Shipped,2025-10-28,2025-11-21,,438616.01
PO00338,SUP032,Pending,2026-06-22,2026-07-05,,680729.75
PO00339,SUP007,Cancelled,2025-11-01,2025-11-15,,45475.8
PO00340,SUP044,Delivered,2026-03-29,2026-04-21,2026-04-19,468774.22
PO00341,SUP034,Approved,2026-07-14,2026-07-30,,667638.73
PO00342,SUP027,Delivered,2025-12-19,2025-12-25,2025-12-26,378390.05
PO00343,SUP028,Pending,2025-12-01,2025-12-24,,224870.24
PO00344,SUP038,Approved,2026-03-19,2026-04-10,,734768.31
PO00345,SUP042,Delivered,2026-03-30,2026-04-10,2026-04-08,89459.23
PO00346,SUP013,Delivered,2025-11-02,2025-11-19,2025-11-18,323112.37
PO00347,SUP033,Shipped,2026-04-11,2026-05-03,,263269.41
PO00348,SUP060,Delivered,2026-03-22,2026-03-28,2026-03-28,92508.49
PO00349,SUP080,Shipped,2026-06-27,2026-07-02,,397640.94
PO00350,SUP023,Delivered,2026-07-03,2026-07-14,2026-07-22,534122.3
PO00351,SUP068,Pending,2026-04-09,2026-04-15,,232999.68
PO00352,SUP080,Cancelled,2026-06-25,2026-07-07,,335852.15
PO00353,SUP064,Delivered,2026-01-16,2026-01-26,2026-01-25,241036.81
PO00354,SUP025,Shipped,2025-09-25,2025-10-16,,788858.93
PO00355,SUP076,Delivered,2025-11-23,2025-12-14,2025-12-15,296818.63
PO00356,SUP019,Delivered,2025-08-10,2025-08-18,2025-08-18,244186.88
PO00357,SUP074,Shipped,2026-04-04,2026-04-18,,498332.74
PO00358,SUP064,Cancelled,2026-02-01,2026-02-26,,183654.2
PO00359,SUP027,Pending,2026-06-28,2026-07-17,,132351.76
PO00360,SUP039,Delivered,2026-01-16,2026-02-02,2026-02-04,173602.21
PO00361,SUP060,Shipped,2026-06-19,2026-06-25,,566861.98
PO00362,SUP022,Delivered,2026-03-06,2026-03-20,2026-03-22,664179.87
PO00363,SUP060,Pending,2025-08-03,2025-08-19,,23062.2
PO00364,SUP030,Delivered,2026-06-30,2026-07-06,2026-07-07,1224922.43
PO00365,SUP050,Cancelled,2025-11-15,2025-11-25,,892841.66
PO00366,SUP022,Delivered,2026-04-12,2026-04-26,2026-04-27,132273.15
PO00367,SUP066,Delivered,2026-04-01,2026-04-16,2026-04-20,477866.67
PO00368,SUP063,Approved,2026-07-03,2026-07-08,,127142.16
PO00369,SUP058,Delivered,2025-09-19,2025-10-03,2025-10-03,478220.13
PO00370,SUP076,Delivered,2026-02-09,2026-02-22,2026-02-24,480442.42
PO00371,SUP050,Approved,2025-12-13,2025-12-24,,698035.97
PO00372,SUP064,Shipped,2026-07-07,2026-07-14,,639592.55
PO00373,SUP053,Delivered,2025-08-03,2025-08-28,2025-08-28,344657.61
PO00374,SUP012,Delivered,2025-09-30,2025-10-05,2025-10-03,82813.34
PO00375,SUP075,Approved,2025-12-21,2026-01-06,,495922.23
PO00376,SUP053,Delivered,2026-03-24,2026-04-10,2026-04-08,301599.85
PO00377,SUP011,Pending,2025-11-03,2025-11-20,,180399.99
PO00378,SUP049,Delivered,2026-03-25,2026-04-10,2026-04-11,194439.15
PO00379,SUP025,Delivered,2026-05-29,2026-06-23,2026-06-23,299851.08
PO00380,SUP067,Shipped,2025-08-11,2025-08-20,,516094.52
PO00381,SUP055,Delivered,2025-11-04,2025-11-12,2025-11-13,405578.32
PO00382,SUP049,Cancelled,2026-01-19,2026-01-31,,164170.12
PO00383,SUP002,Shipped,2025-12-30,2026-01-09,,372174.95
PO00384,SUP009,Delivered,2026-03-02,2026-03-11,2026-03-09,272434.79
PO00385,SUP046,Delivered,2026-04-03,2026-04-11,2026-04-09,111966.49
PO00386,SUP029,Shipped,2026-03-24,2026-03-30,,990548.01
PO00387,SUP061,Shipped,2026-03-09,2026-03-20,,234336.24
PO00388,SUP074,Cancelled,2026-02-28,2026-03-19,,420597.92
PO00389,SUP007,Delivered,2025-12-17,2026-01-10,2026-01-08,428883.05
PO00390,SUP063,Delivered,2026-01-07,2026-01-27,2026-01-29,513363.67
PO00391,SUP059,Shipped,2026-02-23,2026-03-16,,227317.68
PO00392,SUP056,Cancelled,2026-03-17,2026-03-30,,469816.56
PO00393,SUP002,Delivered,2025-08-19,2025-09-11,2025-09-09,24658.02
PO00394,SUP033,Delivered,2026-01-18,2026-02-10,2026-02-08,690057.18
PO00395,SUP028,Shipped,2025-10-17,2025-10-24,,495167.85
PO00396,SUP067,Cancelled,2025-12-20,2025-12-25,,260122.13
PO00397,SUP052,Shipped,2026-06-08,2026-07-03,,193538.0
PO00398,SUP016,Delivered,2026-03-19,2026-03-26,2026-03-26,184326.24
PO00399,SUP028,Delivered,2026-02-08,2026-03-03,2026-03-02,525268.14
PO00400,SUP079,Pending,2025-09-24,2025-10-15,,811898.82
PO00401,SUP057,Delivered,2026-01-03,2026-01-21,2026-01-21,489750.9
PO00402,SUP070,Pending,2025-09-20,2025-10-14,,344188.0
PO00403,SUP020,Delivered,2026-05-17,2026-05-24,2026-05-22,400351.27
PO00404,SUP080,Delivered,2026-03-07,2026-03-13,2026-03-15,482154.56
PO00405,SUP040,Delivered,2026-03-08,2026-04-02,2026-04-03,366450.96
PO00406,SUP060,Delivered,2026-06-08,2026-06-21,2026-06-24,347417.0
PO00407,SUP004,Shipped,2026-04-23,2026-05-09,,320016.73
PO00408,SUP080,Delivered,2026-04-06,2026-04-29,2026-04-29,36237.35
PO00409,SUP030,Pending,2025-09-12,2025-09-28,,431999.26
PO00410,SUP012,Shipped,2026-05-29,2026-06-20,,75230.19
PO00411,SUP020,Delivered,2026-06-09,2026-06-23,2026-06-24,455267.28
PO00412,SUP045,Delivered,2025-11-17,2025-11-27,2025-11-25,633464.47
PO00413,SUP080,Delivered,2025-10-14,2025-11-02,2025-11-03,151031.62
PO00414,SUP069,Shipped,2026-01-04,2026-01-14,,327783.78
PO00415,SUP047,Delivered,2025-12-14,2025-12-25,2025-12-25,141269.51
PO00416,SUP041,Delivered,2026-01-21,2026-02-10,2026-02-10,242161.37
PO00417,SUP027,Delivered,2026-02-02,2026-02-18,2026-02-17,315147.46
PO00418,SUP002,Delivered,2025-11-19,2025-12-13,2025-12-11,91609.8
PO00419,SUP022,Delivered,2025-10-16,2025-10-28,2025-11-03,944193.85
PO00420,SUP062,Delivered,2026-03-10,2026-03-25,2026-03-24,482170.86
PO00421,SUP048,Pending,2026-03-04,2026-03-17,,130128.51
PO00422,SUP042,Delivered,2026-04-25,2026-05-01,2026-05-01,404842.5
PO00423,SUP070,Approved,2026-02-11,2026-02-21,,238471.94
PO00424,SUP057,Delivered,2026-05-23,2026-06-03,2026-06-04,674922.17
PO00425,SUP065,Cancelled,2025-11-20,2025-12-07,,108869.26
PO00426,SUP046,Delivered,2026-07-13,2026-07-22,2026-07-21,279044.4
PO00427,SUP011,Cancelled,2026-03-24,2026-04-09,,274985.4
PO00428,SUP018,Delivered,2026-03-19,2026-03-24,2026-03-23,96200.11
PO00429,SUP013,Delivered,2025-12-25,2026-01-13,2026-01-13,573980.27
PO00430,SUP063,Pending,2026-03-14,2026-04-06,,56670.03
PO00431,SUP043,Approved,2025-11-03,2025-11-25,,329542.72
PO00432,SUP010,Delivered,2025-10-16,2025-11-10,2025-11-09,941368.87
PO00433,SUP025,Delivered,2026-04-07,2026-04-24,2026-04-24,838783.98
PO00434,SUP020,Pending,2026-07-03,2026-07-14,,469707.99
PO00435,SUP017,Delivered,2026-02-14,2026-02-22,2026-02-20,451801.71
PO00436,SUP056,Delivered,2026-06-30,2026-07-11,2026-07-11,218240.9
PO00437,SUP068,Approved,2025-10-17,2025-11-10,,167548.13
PO00438,SUP075,Delivered,2026-02-10,2026-02-15,2026-02-14,673654.65
PO00439,SUP008,Approved,2026-06-30,2026-07-11,,21956.48
PO00440,SUP047,Shipped,2026-01-18,2026-02-12,,675042.55
PO00441,SUP005,Delivered,2026-02-13,2026-03-09,2026-03-08,99919.0
PO00442,SUP068,Delivered,2026-05-26,2026-05-31,2026-06-02,564069.51
PO00443,SUP050,Delivered,2026-04-26,2026-05-03,2026-05-06,192013.36
PO00444,SUP023,Delivered,2025-11-13,2025-11-30,2025-12-09,282436.93
PO00445,SUP043,Cancelled,2026-07-06,2026-07-27,,552385.95
PO00446,SUP026,Approved,2026-04-11,2026-05-01,,471268.06
PO00447,SUP010,Delivered,2025-09-08,2025-09-29,2025-10-06,438312.49
PO00448,SUP076,Cancelled,2026-05-19,2026-06-08,,259320.56
PO00449,SUP034,Approved,2026-05-12,2026-05-20,,391169.92
PO00450,SUP068,Delivered,2026-03-30,2026-04-12,2026-04-14,195088.57
PO00451,SUP021,Cancelled,2026-01-30,2026-02-23,,88878.26
PO00452,SUP028,Approved,2025-09-06,2025-09-26,,50124.36
PO00453,SUP058,Delivered,2025-08-09,2025-08-23,2025-08-29,592194.37
PO00454,SUP012,Delivered,2026-04-30,2026-05-15,2026-05-14,415665.62
PO00455,SUP015,Shipped,2025-10-06,2025-10-25,,225073.55
PO00456,SUP071,Delivered,2025-09-22,2025-09-27,2025-09-26,704521.06
PO00457,SUP024,Delivered,2025-09-02,2025-09-14,2025-09-13,318843.39
PO00458,SUP023,Pending,2026-05-17,2026-06-11,,734846.34
PO00459,SUP079,Shipped,2025-11-29,2025-12-16,,627835.69
PO00460,SUP047,Pending,2026-05-20,2026-06-11,,704759.84
PO00461,SUP045,Approved,2025-11-14,2025-11-30,,367120.14
PO00462,SUP005,Shipped,2026-05-23,2026-06-05,,172401.01
PO00463,SUP032,Pending,2026-02-02,2026-02-09,,42703.07
PO00464,SUP027,Approved,2025-10-04,2025-10-09,,362552.79
PO00465,SUP076,Delivered,2025-10-16,2025-10-30,2025-10-31,302138.82
PO00466,SUP026,Shipped,2026-06-20,2026-07-08,,88322.12
PO00467,SUP073,Pending,2026-02-13,2026-02-25,,460844.33
PO00468,SUP026,Approved,2025-09-21,2025-10-14,,45758.89
PO00469,SUP002,Pending,2026-05-10,2026-05-24,,238773.08
PO00470,SUP012,Delivered,2026-03-09,2026-03-30,2026-03-28,162179.6
PO00471,SUP047,Pending,2025-08-10,2025-08-22,,572131.81
PO00472,SUP047,Delivered,2026-07-12,2026-07-26,2026-07-26,757608.67
PO00473,SUP001,Pending,2026-01-26,2026-02-03,,414434.52
PO00474,SUP078,Pending,2025-08-09,2025-09-02,,448616.82
PO00475,SUP059,Cancelled,2025-10-01,2025-10-24,,650695.12
PO00476,SUP052,Pending,2026-02-17,2026-03-14,,883939.58
PO00477,SUP045,Shipped,2026-06-22,2026-07-14,,150629.52
PO00478,SUP064,Delivered,2025-10-24,2025-10-29,2025-11-01,311825.44
PO00479,SUP011,Delivered,2025-11-25,2025-12-12,2025-12-12,27957.6
PO00480,SUP063,Shipped,2025-12-30,2026-01-06,,888775.65
PO00481,SUP075,Delivered,2025-12-30,2026-01-14,2026-01-14,222695.67
PO00482,SUP048,Shipped,2026-05-14,2026-05-20,,592834.47
PO00483,SUP075,Shipped,2026-03-29,2026-04-09,,276443.44
PO00484,SUP058,Delivered,2026-05-31,2026-06-13,2026-06-11,346174.61
PO00485,SUP034,Shipped,2026-06-27,2026-07-18,,238987.65
PO00486,SUP020,Delivered,2026-03-03,2026-03-08,2026-03-06,515338.05
PO00487,SUP002,Approved,2026-02-02,2026-02-12,,415742.03
PO00488,SUP025,Shipped,2025-09-17,2025-10-06,,458137.7
PO00489,SUP045,Shipped,2025-09-05,2025-09-25,,349674.93
PO00490,SUP079,Pending,2026-05-09,2026-05-22,,360826.74
PO00491,SUP027,Approved,2026-06-09,2026-06-26,,236178.17
PO00492,SUP070,Approved,2026-05-27,2026-06-14,,317073.46
PO00493,SUP018,Delivered,2026-02-12,2026-02-26,2026-02-27,269113.86
PO00494,SUP072,Delivered,2026-02-12,2026-02-22,2026-02-20,309352.71
PO00495,SUP010,Delivered,2026-01-04,2026-01-16,2026-01-18,304672.41
PO00496,SUP002,Delivered,2026-05-24,2026-06-03,2026-06-01,273359.82
PO00497,SUP043,Delivered,2025-09-24,2025-10-07,2025-10-06,385952.2
PO00498,SUP070,Delivered,2026-01-20,2026-02-12,2026-02-16,341951.87
PO00499,SUP068,Pending,2026-01-26,2026-02-05,,366481.79
PO00500,SUP006,Delivered,2026-01-21,2026-02-01,2026-02-10,818724.49
PO00501,SUP068,Shipped,2025-09-23,2025-10-11,,72281.43
PO00502,SUP019,Delivered,2025-09-03,2025-09-26,2025-09-24,812612.97
PO00503,SUP046,Cancelled,2025-12-29,2026-01-12,,291712.31
PO00504,SUP056,Delivered,2025-09-29,2025-10-13,2025-10-14,241512.33
PO00505,SUP040,Approved,2026-06-21,2026-07-06,,760988.5
PO00506,SUP060,Delivered,2026-05-16,2026-06-02,2026-06-11,1010040.24
PO00507,SUP079,Pending,2026-07-08,2026-07-14,,1168599.9
PO00508,SUP034,Pending,2025-11-28,2025-12-12,,419513.58
PO00509,SUP051,Delivered,2025-11-27,2025-12-06,2025-12-08,483049.8
PO00510,SUP056,Pending,2026-01-29,2026-02-23,,114298.83
PO00511,SUP001,Approved,2025-12-16,2025-12-26,,56333.73
PO00512,SUP055,Delivered,2026-03-15,2026-03-28,2026-03-27,253727.34
PO00513,SUP037,Pending,2026-01-24,2026-02-13,,270809.9
PO00514,SUP016,Pending,2025-12-25,2026-01-13,,1526017.49
PO00515,SUP045,Shipped,2025-12-22,2026-01-06,,813092.0
PO00516,SUP013,Delivered,2026-04-20,2026-05-12,2026-05-11,151991.78
PO00517,SUP030,Delivered,2025-08-10,2025-08-15,2025-08-17,208655.25
PO00518,SUP071,Approved,2025-10-03,2025-10-17,,364616.56
PO00519,SUP014,Shipped,2026-03-10,2026-03-15,,693548.57
PO00520,SUP066,Delivered,2025-08-20,2025-08-29,2025-08-30,175838.16
PO00521,SUP068,Delivered,2026-03-10,2026-03-17,2026-03-17,599125.87
PO00522,SUP056,Delivered,2025-09-10,2025-09-23,2025-09-21,608311.68
PO00523,SUP076,Delivered,2026-04-24,2026-04-29,2026-04-27,112759.23
PO00524,SUP068,Delivered,2025-11-26,2025-12-09,2025-12-07,675626.85
PO00525,SUP072,Delivered,2026-02-25,2026-03-19,2026-03-18,520768.7
PO00526,SUP021,Delivered,2026-05-13,2026-05-21,2026-05-21,51397.92
PO00527,SUP075,Approved,2026-04-15,2026-05-07,,402277.11
PO00528,SUP007,Delivered,2025-12-04,2025-12-25,2025-12-26,190991.42
PO00529,SUP066,Delivered,2026-06-03,2026-06-08,2026-06-09,488691.85
PO00530,SUP010,Pending,2025-08-16,2025-08-28,,189997.7
PO00531,SUP023,Delivered,2026-07-09,2026-07-21,2026-07-20,328016.22
PO00532,SUP073,Approved,2025-08-30,2025-09-21,,210593.07
PO00533,SUP058,Delivered,2026-04-22,2026-04-30,2026-05-02,171057.25
PO00534,SUP054,Delivered,2025-10-16,2025-10-28,2025-10-27,624388.44
PO00535,SUP013,Delivered,2025-09-13,2025-09-28,2025-09-27,177762.12
PO00536,SUP050,Delivered,2025-08-16,2025-08-23,2025-08-23,525085.05
PO00537,SUP020,Delivered,2025-08-01,2025-08-14,2025-08-12,179798.31
PO00538,SUP054,Approved,2026-05-08,2026-05-27,,184752.66
PO00539,SUP024,Approved,2026-03-18,2026-04-09,,22040.0
PO00540,SUP055,Delivered,2026-04-03,2026-04-15,2026-04-14,415194.48
PO00541,SUP025,Delivered,2026-06-29,2026-07-14,2026-07-13,284591.3
PO00542,SUP061,Shipped,2026-02-28,2026-03-23,,227663.26
PO00543,SUP054,Shipped,2025-12-03,2025-12-15,,35710.5
PO00544,SUP048,Shipped,2025-09-13,2025-10-04,,129144.38
PO00545,SUP062,Delivered,2026-04-11,2026-05-02,2026-05-01,368870.57
PO00546,SUP066,Delivered,2025-11-07,2025-11-26,2025-11-28,368380.34
PO00547,SUP025,Delivered,2026-02-10,2026-02-16,2026-02-16,79861.21
PO00548,SUP045,Delivered,2026-02-16,2026-03-08,2026-03-07,853706.76
PO00549,SUP070,Delivered,2026-02-20,2026-02-28,2026-02-27,642851.26
PO00550,SUP001,Approved,2026-04-18,2026-04-23,,227990.92
PO00551,SUP012,Delivered,2026-03-12,2026-04-05,2026-04-07,436280.94
PO00552,SUP041,Delivered,2025-08-08,2025-08-29,2025-08-27,260564.2
PO00553,SUP001,Delivered,2026-04-15,2026-04-26,2026-04-25,284761.44
PO00554,SUP061,Delivered,2026-05-29,2026-06-12,2026-06-15,262420.62
PO00555,SUP052,Shipped,2026-02-03,2026-02-19,,115805.73
PO00556,SUP072,Pending,2025-08-06,2025-08-26,,400188.4
PO00557,SUP051,Pending,2026-01-20,2026-02-04,,231317.79
PO00558,SUP037,Approved,2026-05-20,2026-06-06,,543733.77
PO00559,SUP009,Delivered,2025-11-08,2025-11-15,2025-11-16,460740.8
PO00560,SUP049,Delivered,2026-05-30,2026-06-06,2026-06-06,639190.02
PO00561,SUP050,Delivered,2026-03-20,2026-04-04,2026-04-04,262793.22
PO00562,SUP050,Delivered,2025-12-16,2025-12-26,2025-12-26,304053.55
PO00563,SUP040,Delivered,2026-05-29,2026-06-16,2026-06-17,264921.07
PO00564,SUP015,Delivered,2026-01-11,2026-02-01,2026-02-01,74946.48
PO00565,SUP003,Approved,2025-11-23,2025-12-07,,390956.19
PO00566,SUP050,Approved,2026-05-16,2026-05-28,,159116.61
PO00567,SUP022,Approved,2026-06-07,2026-06-18,,581428.21
PO00568,SUP038,Approved,2025-09-05,2025-09-15,,804298.75
PO00569,SUP078,Delivered,2025-08-16,2025-08-22,2025-08-22,508839.62
PO00570,SUP054,Shipped,2026-04-27,2026-05-08,,815999.53
PO00571,SUP059,Delivered,2026-02-11,2026-03-03,2026-03-05,283602.54
PO00572,SUP017,Delivered,2025-10-07,2025-10-20,2025-10-21,771900.48
PO00573,SUP043,Delivered,2026-05-26,2026-06-03,2026-06-01,21572.53
PO00574,SUP040,Shipped,2026-07-10,2026-07-15,,344796.95
PO00575,SUP080,Delivered,2025-12-21,2026-01-04,2026-01-06,452220.69
PO00576,SUP058,Shipped,2025-12-21,2025-12-29,,251118.56
PO00577,SUP063,Shipped,2026-05-07,2026-05-28,,293411.0
PO00578,SUP078,Delivered,2026-04-23,2026-05-13,2026-05-12,571146.01
PO00579,SUP075,Pending,2026-06-16,2026-06-30,,565935.49
PO00580,SUP036,Approved,2025-08-28,2025-09-16,,457388.69
PO00581,SUP020,Delivered,2026-02-27,2026-03-06,2026-03-14,94923.75
PO00582,SUP021,Delivered,2025-12-20,2025-12-26,2025-12-24,284045.8
PO00583,SUP033,Shipped,2025-08-04,2025-08-16,,391924.34
PO00584,SUP030,Shipped,2026-04-25,2026-05-19,,115858.02
PO00585,SUP003,Delivered,2026-06-28,2026-07-14,2026-07-15,556958.9
PO00586,SUP004,Approved,2026-05-22,2026-06-16,,188656.89
PO00587,SUP028,Delivered,2026-06-04,2026-06-29,2026-07-07,490132.76
PO00588,SUP039,Delivered,2026-02-18,2026-03-02,2026-03-12,694245.9
PO00589,SUP068,Shipped,2026-02-23,2026-03-07,,448206.52
PO00590,SUP069,Approved,2025-08-06,2025-08-17,,271489.52
PO00591,SUP017,Shipped,2026-06-11,2026-07-02,,154393.58
PO00592,SUP051,Shipped,2025-12-20,2026-01-12,,353583.42
PO00593,SUP051,Shipped,2025-12-06,2025-12-19,,66036.65
PO00594,SUP060,Shipped,2025-08-25,2025-09-16,,978694.99
PO00595,SUP065,Approved,2025-08-05,2025-08-10,,502817.23
PO00596,SUP037,Delivered,2026-02-21,2026-03-14,2026-03-15,453380.63
PO00597,SUP012,Delivered,2026-01-09,2026-01-18,2026-01-16,48841.62
PO00598,SUP016,Delivered,2026-06-23,2026-07-12,2026-07-12,189910.16
PO00599,SUP055,Delivered,2025-09-17,2025-10-12,2025-10-13,996404.12
PO00600,SUP056,Delivered,2026-06-12,2026-06-26,2026-06-24,352804.25
PO00601,SUP058,Shipped,2026-02-10,2026-02-17,,481635.16
PO00602,SUP074,Delivered,2026-02-03,2026-02-09,2026-02-09,1332580.82
PO00603,SUP053,Shipped,2025-10-11,2025-10-22,,271068.62
PO00604,SUP047,Shipped,2025-09-02,2025-09-11,,111676.74
PO00605,SUP008,Approved,2026-05-05,2026-05-18,,367287.84
PO00606,SUP007,Pending,2026-06-05,2026-06-26,,504662.99
PO00607,SUP039,Delivered,2026-01-18,2026-01-29,2026-01-29,401881.46
PO00608,SUP056,Approved,2026-04-30,2026-05-18,,324894.28
PO00609,SUP032,Delivered,2026-04-17,2026-05-01,2026-05-02,342075.63
PO00610,SUP032,Delivered,2025-12-10,2025-12-16,2025-12-16,356412.93
PO00611,SUP069,Delivered,2025-10-10,2025-10-23,2025-10-31,522399.89
PO00612,SUP008,Shipped,2025-08-12,2025-09-06,,103867.2
PO00613,SUP014,Pending,2026-01-26,2026-02-18,,388675.72
PO00614,SUP020,Shipped,2025-08-01,2025-08-13,,105598.39
PO00615,SUP030,Cancelled,2026-06-02,2026-06-15,,378858.94
PO00616,SUP017,Delivered,2026-01-12,2026-01-25,2026-01-23,937017.22
PO00617,SUP007,Cancelled,2026-05-14,2026-06-03,,509819.32
PO00618,SUP044,Delivered,2026-05-25,2026-05-30,2026-05-29,459514.5
PO00619,SUP027,Delivered,2026-06-15,2026-06-25,2026-06-24,268455.18
PO00620,SUP047,Delivered,2026-02-05,2026-02-21,2026-02-22,61681.6
PO00621,SUP065,Shipped,2026-04-12,2026-04-28,,717821.08
PO00622,SUP030,Delivered,2026-06-05,2026-06-28,2026-06-27,495985.48
PO00623,SUP045,Pending,2026-05-04,2026-05-25,,456217.55
PO00624,SUP071,Shipped,2025-11-04,2025-11-25,,446703.84
PO00625,SUP024,Delivered,2026-04-18,2026-04-30,2026-05-02,340641.41
PO00626,SUP010,Delivered,2026-05-15,2026-06-02,2026-06-04,338131.96
PO00627,SUP003,Delivered,2025-12-28,2026-01-12,2026-01-11,198469.25
PO00628,SUP027,Delivered,2026-03-18,2026-03-26,2026-03-28,142248.4
PO00629,SUP067,Delivered,2026-01-16,2026-01-22,2026-01-24,4048.56
PO00630,SUP017,Pending,2026-01-22,2026-01-31,,54773.89
PO00631,SUP052,Delivered,2026-05-27,2026-06-02,2026-06-02,70494.59
PO00632,SUP052,Delivered,2026-04-30,2026-05-13,2026-05-14,181478.47
PO00633,SUP033,Delivered,2025-12-16,2025-12-21,2025-12-20,505774.77
PO00634,SUP001,Approved,2025-11-01,2025-11-07,,233077.99
PO00635,SUP063,Delivered,2026-06-09,2026-07-04,2026-07-13,597395.59
PO00636,SUP011,Cancelled,2026-02-17,2026-03-07,,615985.31
PO00637,SUP045,Approved,2026-01-22,2026-02-09,,30738.82
PO00638,SUP004,Delivered,2025-09-24,2025-10-05,2025-10-08,76833.4
PO00639,SUP068,Approved,2025-09-16,2025-10-01,,348425.33
PO00640,SUP009,Delivered,2026-02-13,2026-03-02,2026-03-02,386615.66
PO00641,SUP031,Pending,2026-04-09,2026-04-18,,14898.64
PO00642,SUP039,Shipped,2025-12-08,2025-12-21,,131999.67
PO00643,SUP007,Delivered,2025-09-01,2025-09-19,2025-09-18,459990.44
PO00644,SUP016,Pending,2026-03-24,2026-04-03,,142713.96
PO00645,SUP004,Delivered,2025-12-10,2025-12-30,2026-01-01,220853.64
PO00646,SUP013,Delivered,2026-01-24,2026-02-10,2026-02-11,980284.45
PO00647,SUP003,Delivered,2025-11-24,2025-12-11,2025-12-11,490596.43
PO00648,SUP063,Delivered,2025-09-12,2025-09-17,2025-09-19,817678.14
PO00649,SUP037,Delivered,2026-02-22,2026-03-09,2026-03-12,166315.3
PO00650,SUP025,Shipped,2025-11-17,2025-11-22,,234208.16
PO00651,SUP005,Pending,2025-10-18,2025-11-04,,383476.16
PO00652,SUP058,Shipped,2026-06-12,2026-06-30,,264419.82
PO00653,SUP011,Approved,2025-10-12,2025-11-06,,332018.73
PO00654,SUP012,Delivered,2025-10-29,2025-11-15,2025-11-14,200656.54
PO00655,SUP007,Delivered,2025-12-11,2026-01-02,2025-12-31,566553.63
PO00656,SUP039,Delivered,2025-11-27,2025-12-03,2025-12-03,1484471.18
PO00657,SUP059,Cancelled,2026-03-08,2026-03-20,,43603.43
PO00658,SUP043,Approved,2026-03-03,2026-03-23,,154499.79
PO00659,SUP051,Delivered,2026-04-27,2026-05-22,2026-05-23,42901.82
PO00660,SUP038,Delivered,2025-11-29,2025-12-15,2025-12-15,182868.92
PO00661,SUP060,Shipped,2025-11-04,2025-11-19,,778378.04
PO00662,SUP073,Delivered,2026-04-09,2026-04-29,2026-04-28,918112.4
PO00663,SUP032,Delivered,2025-08-16,2025-08-24,2025-08-22,628232.26
PO00664,SUP010,Shipped,2025-09-19,2025-10-13,,417137.08
PO00665,SUP029,Approved,2025-08-30,2025-09-24,,297186.49
PO00666,SUP076,Shipped,2025-09-16,2025-10-02,,26851.68
PO00667,SUP078,Cancelled,2026-01-24,2026-02-18,,633562.07
PO00668,SUP075,Delivered,2025-08-09,2025-08-27,2025-09-10,1028258.6
PO00669,SUP025,Pending,2026-05-22,2026-06-13,,329208.08
PO00670,SUP028,Shipped,2025-11-11,2025-11-24,,105362.2
PO00671,SUP032,Shipped,2026-04-28,2026-05-04,,673148.16
PO00672,SUP032,Shipped,2025-10-14,2025-10-28,,549738.75
PO00673,SUP063,Delivered,2025-12-02,2025-12-07,2025-12-07,269330.74
PO00674,SUP018,Shipped,2025-11-29,2025-12-13,,248842.21
PO00675,SUP023,Delivered,2026-01-19,2026-01-27,2026-01-26,48927.6
PO00676,SUP045,Shipped,2025-10-19,2025-11-05,,502992.61
PO00677,SUP024,Shipped,2025-09-19,2025-09-28,,773067.78
PO00678,SUP052,Approved,2025-08-04,2025-08-17,,21536.46
PO00679,SUP080,Shipped,2025-12-08,2025-12-21,,501898.8
PO00680,SUP017,Shipped,2026-06-09,2026-06-26,,526803.78
PO00681,SUP076,Approved,2026-04-02,2026-04-18,,679800.1
PO00682,SUP039,Shipped,2026-06-25,2026-07-14,,279571.2
PO00683,SUP046,Delivered,2026-03-14,2026-03-27,2026-03-29,26384.82
PO00684,SUP063,Shipped,2026-01-07,2026-01-29,,317339.49
PO00685,SUP032,Approved,2026-03-22,2026-04-09,,268082.15
PO00686,SUP045,Delivered,2026-05-04,2026-05-14,2026-05-13,1171618.16
PO00687,SUP025,Delivered,2025-12-06,2025-12-20,2025-12-29,411961.05
PO00688,SUP013,Approved,2026-05-24,2026-06-18,,449390.96
PO00689,SUP029,Delivered,2026-07-05,2026-07-12,2026-07-14,691325.0
PO00690,SUP002,Delivered,2025-10-08,2025-10-27,2025-10-26,252755.34
PO00691,SUP014,Delivered,2026-02-14,2026-03-11,2026-03-11,283505.46
PO00692,SUP001,Delivered,2025-09-19,2025-10-08,2025-10-09,115711.3
PO00693,SUP033,Pending,2026-04-27,2026-05-02,,137007.24
PO00694,SUP069,Delivered,2025-10-21,2025-10-31,2025-10-29,359316.06
PO00695,SUP080,Delivered,2026-01-14,2026-02-05,2026-02-03,233122.87
PO00696,SUP041,Delivered,2025-10-06,2025-10-27,2025-11-01,361091.92
PO00697,SUP041,Shipped,2026-02-28,2026-03-06,,460458.69
PO00698,SUP016,Delivered,2026-05-10,2026-05-31,2026-06-14,298651.64
PO00699,SUP069,Approved,2026-02-20,2026-03-13,,523965.96
PO00700,SUP020,Pending,2025-11-06,2025-11-11,,523410.96
PO00701,SUP055,Delivered,2025-10-27,2025-11-06,2025-11-08,173326.62
PO00702,SUP051,Approved,2026-02-04,2026-02-17,,356279.04
PO00703,SUP072,Pending,2025-08-02,2025-08-11,,818672.84
PO00704,SUP077,Shipped,2025-10-19,2025-11-10,,796660.99
PO00705,SUP031,Shipped,2025-10-25,2025-11-11,,131794.2
PO00706,SUP070,Delivered,2026-07-02,2026-07-15,2026-07-15,739699.44
PO00707,SUP047,Shipped,2026-04-26,2026-05-17,,407899.84
PO00708,SUP029,Shipped,2026-07-02,2026-07-13,,495860.21
PO00709,SUP077,Pending,2026-01-12,2026-02-03,,467223.24
PO00710,SUP035,Delivered,2026-06-04,2026-06-10,2026-06-12,575760.03
PO00711,SUP006,Approved,2026-06-02,2026-06-23,,231424.56
PO00712,SUP043,Delivered,2026-05-05,2026-05-12,2026-05-14,145516.02
PO00713,SUP021,Delivered,2026-01-20,2026-02-10,2026-02-11,346826.19
PO00714,SUP023,Shipped,2026-05-10,2026-05-31,,714728.29
PO00715,SUP024,Cancelled,2025-08-29,2025-09-20,,27623.28
PO00716,SUP003,Shipped,2025-08-11,2025-08-18,,404591.12
PO00717,SUP058,Shipped,2025-10-15,2025-11-08,,532087.87
PO00718,SUP048,Delivered,2026-03-04,2026-03-25,2026-04-08,711343.32
PO00719,SUP002,Pending,2026-01-21,2026-02-15,,650254.69
PO00720,SUP024,Shipped,2026-06-27,2026-07-11,,133128.58
PO00721,SUP001,Approved,2026-01-24,2026-02-01,,705022.58
PO00722,SUP018,Shipped,2025-12-16,2026-01-03,,222516.6
PO00723,SUP061,Delivered,2025-10-21,2025-11-04,2025-11-05,122262.64
PO00724,SUP007,Delivered,2026-04-30,2026-05-11,2026-05-10,715450.0
PO00725,SUP054,Approved,2026-06-25,2026-07-14,,481485.0
PO00726,SUP034,Delivered,2025-10-08,2025-10-14,2025-10-13,452847.77
PO00727,SUP062,Delivered,2026-03-22,2026-04-03,2026-04-04,288805.75
PO00728,SUP065,Delivered,2026-02-10,2026-02-26,2026-02-26,243160.68
PO00729,SUP053,Delivered,2026-02-13,2026-03-07,2026-03-08,679626.12
PO00730,SUP040,Delivered,2026-04-19,2026-05-09,2026-05-12,317177.48
PO00731,SUP034,Shipped,2025-12-06,2025-12-18,,625884.23
PO00732,SUP037,Delivered,2025-12-25,2026-01-02,2026-01-02,136181.23
PO00733,SUP050,Approved,2025-11-09,2025-11-29,,426679.84
PO00734,SUP014,Delivered,2026-04-25,2026-05-03,2026-05-01,238502.0
PO00735,SUP057,Delivered,2026-02-03,2026-02-28,2026-02-28,467042.54
PO00736,SUP014,Delivered,2025-12-05,2025-12-30,2026-01-03,140378.46
PO00737,SUP079,Delivered,2026-03-25,2026-04-01,2026-04-04,465259.31
PO00738,SUP059,Shipped,2025-11-08,2025-11-25,,436417.88
PO00739,SUP067,Shipped,2025-10-19,2025-11-07,,447667.51
PO00740,SUP035,Delivered,2026-06-06,2026-06-17,2026-06-17,434516.61
PO00741,SUP067,Delivered,2025-11-17,2025-12-08,2025-12-09,277867.05
PO00742,SUP059,Shipped,2026-01-09,2026-01-30,,175151.16
PO00743,SUP080,Shipped,2026-01-10,2026-01-20,,357033.84
PO00744,SUP058,Delivered,2025-08-19,2025-09-13,2025-09-13,1083758.76
PO00745,SUP008,Approved,2026-06-18,2026-07-10,,449786.1
PO00746,SUP044,Delivered,2026-05-03,2026-05-22,2026-05-22,441073.72
PO00747,SUP030,Pending,2026-04-23,2026-05-05,,716789.0
PO00748,SUP040,Approved,2025-11-29,2025-12-12,,632857.66
PO00749,SUP008,Cancelled,2025-11-01,2025-11-15,,241264.04
PO00750,SUP060,Shipped,2025-11-15,2025-11-30,,217267.07
PO00751,SUP077,Approved,2026-02-27,2026-03-10,,239022.35
PO00752,SUP033,Delivered,2025-08-18,2025-08-27,2025-08-25,215341.31
PO00753,SUP063,Shipped,2025-12-30,2026-01-12,,377758.32
PO00754,SUP001,Approved,2026-02-09,2026-02-20,,108207.91
PO00755,SUP052,Delivered,2026-05-31,2026-06-22,2026-06-23,1257550.23
PO00756,SUP030,Delivered,2025-09-18,2025-10-08,2025-10-14,350553.84
PO00757,SUP047,Pending,2026-07-04,2026-07-18,,715901.12
PO00758,SUP032,Shipped,2026-07-02,2026-07-22,,153550.45
PO00759,SUP005,Delivered,2026-02-01,2026-02-13,2026-02-22,95715.97
PO00760,SUP079,Pending,2025-12-15,2025-12-31,,525724.35
PO00761,SUP018,Delivered,2026-06-21,2026-07-01,2026-07-04,318879.06
PO00762,SUP048,Shipped,2026-07-07,2026-07-19,,223631.26
PO00763,SUP048,Delivered,2025-09-02,2025-09-23,2025-09-25,60609.24
PO00764,SUP073,Delivered,2025-12-31,2026-01-21,2026-01-23,81066.51
PO00765,SUP045,Delivered,2026-04-08,2026-04-19,2026-04-18,754609.49
PO00766,SUP001,Delivered,2025-12-26,2025-12-31,2026-01-01,56977.8
PO00767,SUP048,Pending,2026-03-21,2026-04-05,,349996.54
PO00768,SUP051,Shipped,2026-01-13,2026-02-03,,599065.37
PO00769,SUP042,Delivered,2026-02-20,2026-03-15,2026-03-14,166965.69
PO00770,SUP033,Approved,2025-09-01,2025-09-18,,95670.77
PO00771,SUP009,Delivered,2025-08-20,2025-09-07,2025-09-08,261104.67
PO00772,SUP013,Delivered,2025-12-05,2025-12-22,2025-12-22,816005.19
PO00773,SUP019,Delivered,2025-10-18,2025-11-09,2025-11-08,418415.34
PO00774,SUP016,Shipped,2025-10-07,2025-11-01,,407216.53
PO00775,SUP077,Approved,2025-12-26,2026-01-07,,205143.93
PO00776,SUP068,Delivered,2025-10-27,2025-11-18,2025-11-17,737005.86
PO00777,SUP063,Delivered,2025-11-28,2025-12-13,2025-12-12,218843.38
PO00778,SUP063,Cancelled,2025-11-03,2025-11-26,,528609.45
PO00779,SUP063,Delivered,2025-12-25,2025-12-31,2026-01-02,179669.62
PO00780,SUP077,Delivered,2026-03-23,2026-04-15,2026-04-14,15709.65
PO00781,SUP036,Pending,2025-11-05,2025-11-10,,137964.15
PO00782,SUP007,Shipped,2025-11-30,2025-12-17,,23149.75
PO00783,SUP063,Delivered,2025-10-02,2025-10-17,2025-10-16,228540.04
PO00784,SUP026,Shipped,2026-05-28,2026-06-06,,573873.92
PO00785,SUP074,Delivered,2026-03-19,2026-04-07,2026-04-21,215331.81
PO00786,SUP036,Shipped,2026-06-01,2026-06-11,,581121.37
PO00787,SUP067,Delivered,2025-09-12,2025-09-23,2025-09-23,405897.66
PO00788,SUP004,Delivered,2025-12-28,2026-01-03,2026-01-01,94879.33
PO00789,SUP040,Shipped,2025-10-22,2025-11-01,,788105.67
PO00790,SUP073,Approved,2025-11-25,2025-12-20,,623141.77
PO00791,SUP025,Approved,2026-03-24,2026-04-06,,716262.02
PO00792,SUP030,Approved,2026-04-25,2026-05-14,,493226.46
PO00793,SUP080,Pending,2026-06-09,2026-06-14,,610031.35
PO00794,SUP044,Delivered,2026-02-02,2026-02-25,2026-02-27,320195.01
PO00795,SUP017,Approved,2026-07-15,2026-07-26,,301674.32
PO00796,SUP009,Delivered,2026-06-05,2026-06-19,2026-06-19,478692.51
PO00797,SUP045,Approved,2026-06-14,2026-06-22,,672442.4
PO00798,SUP072,Delivered,2026-02-12,2026-03-07,2026-03-12,707426.22
PO00799,SUP023,Shipped,2025-10-06,2025-10-22,,490322.46
PO00800,SUP014,Delivered,2026-07-08,2026-07-14,2026-07-14,128622.08
PO00801,SUP039,Cancelled,2025-10-13,2025-10-31,,516078.03
PO00802,SUP073,Delivered,2025-08-26,2025-09-10,2025-09-10,26468.14
PO00803,SUP032,Approved,2025-12-15,2025-12-25,,260774.64
PO00804,SUP026,Cancelled,2025-10-19,2025-10-24,,356724.17
PO00805,SUP009,Shipped,2025-11-21,2025-12-05,,1385268.58
PO00806,SUP062,Pending,2025-10-16,2025-10-29,,65173.65
PO00807,SUP078,Pending,2026-07-13,2026-07-31,,509207.31
PO00808,SUP047,Approved,2025-09-09,2025-09-19,,766975.57
PO00809,SUP056,Shipped,2026-06-17,2026-07-04,,356133.86
PO00810,SUP030,Pending,2026-07-04,2026-07-09,,491477.33
PO00811,SUP005,Approved,2025-12-29,2026-01-12,,321364.2
PO00812,SUP039,Delivered,2025-09-23,2025-10-01,2025-10-02,577703.66
PO00813,SUP008,Shipped,2025-11-07,2025-11-14,,395364.09
PO00814,SUP003,Delivered,2026-03-01,2026-03-15,2026-03-22,801082.6
PO00815,SUP036,Delivered,2025-11-14,2025-11-21,2025-11-29,562749.51
PO00816,SUP066,Delivered,2026-01-10,2026-01-16,2026-01-14,169377.83
PO00817,SUP046,Delivered,2025-12-15,2025-12-23,2025-12-22,150765.92
PO00818,SUP052,Pending,2026-01-27,2026-02-04,,641585.8
PO00819,SUP007,Delivered,2025-09-03,2025-09-18,2025-09-20,95445.07
PO00820,SUP016,Approved,2026-03-11,2026-03-21,,463639.79
PO00821,SUP048,Delivered,2025-12-13,2025-12-21,2025-12-25,33205.0
PO00822,SUP054,Cancelled,2025-08-06,2025-08-31,,417398.49
PO00823,SUP028,Approved,2025-08-19,2025-09-08,,153497.69
PO00824,SUP019,Shipped,2025-08-17,2025-09-08,,202785.85
PO00825,SUP003,Delivered,2026-03-12,2026-03-18,2026-03-19,199542.93
PO00826,SUP031,Shipped,2025-09-20,2025-09-25,,327098.7
PO00827,SUP079,Delivered,2025-09-08,2025-10-01,2025-10-01,689260.75
PO00828,SUP015,Approved,2026-06-16,2026-07-05,,140354.44
PO00829,SUP015,Cancelled,2026-05-28,2026-06-06,,486275.89
PO00830,SUP067,Delivered,2026-01-04,2026-01-11,2026-01-13,355563.36
PO00831,SUP039,Delivered,2025-08-23,2025-09-01,2025-09-01,180183.66
PO00832,SUP069,Delivered,2026-03-10,2026-04-04,2026-04-05,149493.62
PO00833,SUP009,Cancelled,2025-10-27,2025-11-19,,121865.27
PO00834,SUP060,Approved,2025-12-17,2025-12-28,,298276.0
PO00835,SUP080,Delivered,2026-07-06,2026-07-23,2026-07-25,400782.05
PO00836,SUP018,Shipped,2025-08-28,2025-09-18,,1138351.76
PO00837,SUP013,Cancelled,2026-03-21,2026-04-13,,241372.76
PO00838,SUP056,Shipped,2026-02-15,2026-03-12,,865452.5
PO00839,SUP015,Delivered,2026-02-12,2026-03-09,2026-03-10,133441.45
PO00840,SUP054,Cancelled,2026-03-05,2026-03-13,,395944.18
PO00841,SUP031,Delivered,2026-05-18,2026-05-28,2026-05-29,626578.53
PO00842,SUP030,Delivered,2025-11-14,2025-11-25,2025-11-27,367931.66
PO00843,SUP055,Pending,2026-01-22,2026-02-07,,85155.71
PO00844,SUP044,Delivered,2025-08-25,2025-09-18,2025-09-24,150290.13
PO00845,SUP076,Delivered,2025-08-19,2025-09-04,2025-09-04,511922.54
PO00846,SUP010,Delivered,2025-12-26,2026-01-02,2026-01-02,107794.52
PO00847,SUP007,Shipped,2025-11-01,2025-11-25,,158413.6
PO00848,SUP057,Shipped,2026-05-25,2026-06-02,,1154532.0
PO00849,SUP053,Delivered,2025-12-13,2026-01-06,2026-01-11,527204.0
PO00850,SUP016,Delivered,2026-03-11,2026-03-30,2026-03-28,506210.93
PO00851,SUP026,Delivered,2025-09-23,2025-10-08,2025-10-08,327608.15
PO00852,SUP042,Pending,2026-05-03,2026-05-15,,181773.09
PO00853,SUP026,Delivered,2025-08-31,2025-09-11,2025-09-11,547139.37
PO00854,SUP048,Delivered,2026-01-14,2026-01-21,2026-01-20,252651.86
PO00855,SUP077,Delivered,2026-04-12,2026-04-17,2026-04-16,584138.92
PO00856,SUP070,Pending,2025-08-02,2025-08-10,,690284.92
PO00857,SUP020,Delivered,2025-12-10,2025-12-18,2025-12-19,269402.66
PO00858,SUP004,Delivered,2026-01-25,2026-02-14,2026-02-16,408476.97
PO00859,SUP064,Delivered,2025-12-12,2025-12-26,2025-12-28,317940.41
PO00860,SUP076,Shipped,2026-07-10,2026-07-27,,158524.94
PO00861,SUP057,Approved,2025-09-23,2025-09-28,,33671.79
PO00862,SUP005,Approved,2026-02-12,2026-02-17,,724287.89
PO00863,SUP075,Approved,2025-09-16,2025-10-07,,274557.12
PO00864,SUP065,Delivered,2025-12-07,2025-12-31,2025-12-30,57062.44
PO00865,SUP075,Shipped,2025-12-19,2026-01-04,,264338.3
PO00866,SUP023,Approved,2025-12-29,2026-01-20,,335118.79
PO00867,SUP029,Delivered,2025-11-23,2025-12-12,2025-12-13,330714.03
PO00868,SUP008,Delivered,2026-03-13,2026-03-28,2026-03-29,212994.95
PO00869,SUP014,Delivered,2025-11-20,2025-12-15,2025-12-17,6952.66
PO00870,SUP021,Shipped,2026-05-31,2026-06-10,,393315.22
PO00871,SUP021,Delivered,2025-12-30,2026-01-16,2026-01-14,454196.28
PO00872,SUP055,Delivered,2025-08-03,2025-08-24,2025-08-25,840092.99
PO00873,SUP080,Shipped,2026-07-13,2026-07-23,,352194.66
PO00874,SUP048,Delivered,2026-02-01,2026-02-23,2026-03-07,454908.64
PO00875,SUP033,Delivered,2025-08-22,2025-09-16,2025-09-16,444909.53
PO00876,SUP026,Delivered,2026-02-10,2026-02-27,2026-02-25,122956.12
PO00877,SUP078,Delivered,2025-08-23,2025-09-01,2025-09-02,570474.99
PO00878,SUP029,Delivered,2026-01-24,2026-02-04,2026-02-07,342997.18
PO00879,SUP006,Delivered,2026-04-27,2026-05-17,2026-05-15,25025.56
PO00880,SUP029,Delivered,2025-12-01,2025-12-14,2025-12-12,139838.56
PO00881,SUP078,Cancelled,2025-12-07,2025-12-23,,671841.34
PO00882,SUP014,Shipped,2026-04-09,2026-04-23,,714530.36
PO00883,SUP018,Pending,2025-11-11,2025-12-05,,494354.12
PO00884,SUP008,Shipped,2026-03-08,2026-03-27,,334852.78
PO00885,SUP025,Cancelled,2026-01-11,2026-01-31,,716812.32
PO00886,SUP029,Shipped,2026-03-20,2026-03-31,,172501.92
PO00887,SUP009,Shipped,2025-12-08,2025-12-28,,506510.69
PO00888,SUP056,Delivered,2025-10-16,2025-11-09,2025-11-10,366616.16
PO00889,SUP021,Cancelled,2025-12-14,2026-01-08,,296494.9
PO00890,SUP021,Delivered,2026-07-15,2026-07-31,2026-08-01,493778.62
PO00891,SUP051,Pending,2026-04-10,2026-04-23,,25671.04
PO00892,SUP077,Shipped,2025-08-14,2025-08-20,,745114.33
PO00893,SUP026,Delivered,2026-07-13,2026-07-28,2026-07-29,653084.36
PO00894,SUP062,Shipped,2025-12-12,2025-12-17,,524540.72
PO00895,SUP061,Delivered,2025-12-23,2026-01-08,2026-01-14,467844.79
PO00896,SUP021,Shipped,2026-01-30,2026-02-24,,473459.98
PO00897,SUP062,Shipped,2025-10-31,2025-11-19,,614567.32
PO00898,SUP066,Delivered,2026-05-21,2026-06-02,2026-06-02,817707.02
PO00899,SUP007,Delivered,2025-12-13,2026-01-01,2026-01-08,163648.5
PO00900,SUP065,Delivered,2025-11-11,2025-12-05,2025-12-03,1031654.86
PO00901,SUP078,Approved,2026-03-17,2026-03-23,,228940.84
PO00902,SUP070,Shipped,2025-10-15,2025-11-05,,28245.88
PO00903,SUP046,Delivered,2026-04-23,2026-05-05,2026-05-05,1319010.33
PO00904,SUP071,Shipped,2025-12-17,2025-12-27,,1063777.37
PO00905,SUP069,Delivered,2026-01-02,2026-01-20,2026-01-21,284994.86
PO00906,SUP072,Delivered,2025-08-24,2025-09-15,2025-09-16,528457.28
PO00907,SUP040,Shipped,2026-03-27,2026-04-04,,511626.54
PO00908,SUP069,Pending,2026-02-25,2026-03-05,,239495.71
PO00909,SUP049,Delivered,2025-09-13,2025-09-25,2025-09-26,1165561.76
PO00910,SUP016,Shipped,2026-03-01,2026-03-09,,811147.35
PO00911,SUP067,Delivered,2026-06-26,2026-07-14,2026-07-15,307588.94
PO00912,SUP024,Approved,2026-04-10,2026-04-27,,574077.46
PO00913,SUP057,Pending,2026-03-22,2026-03-30,,319641.39
PO00914,SUP074,Shipped,2026-06-09,2026-06-18,,285929.1
PO00915,SUP023,Approved,2026-01-09,2026-01-18,,269064.4
PO00916,SUP009,Approved,2026-03-15,2026-03-27,,270568.74
PO00917,SUP013,Cancelled,2026-01-25,2026-02-09,,623196.24
PO00918,SUP057,Pending,2026-06-06,2026-06-11,,460019.2
PO00919,SUP078,Approved,2025-09-29,2025-10-10,,803314.38
PO00920,SUP032,Delivered,2025-11-07,2025-11-24,2025-11-23,282881.66
PO00921,SUP032,Approved,2025-10-29,2025-11-05,,317957.12
PO00922,SUP042,Delivered,2026-06-02,2026-06-09,2026-06-11,344230.32
PO00923,SUP058,Delivered,2025-11-28,2025-12-06,2025-12-07,413023.39
PO00924,SUP017,Shipped,2025-11-09,2025-11-19,,431654.55
PO00925,SUP050,Delivered,2025-11-07,2025-11-24,2025-11-26,159214.66
PO00926,SUP030,Shipped,2026-03-10,2026-03-22,,378897.06
PO00927,SUP039,Cancelled,2026-01-07,2026-01-21,,300892.33
PO00928,SUP025,Delivered,2026-02-28,2026-03-19,2026-03-21,623466.95
PO00929,SUP003,Shipped,2026-05-25,2026-06-08,,310549.28
PO00930,SUP010,Pending,2025-10-29,2025-11-11,,623916.1
PO00931,SUP044,Pending,2026-06-05,2026-06-25,,119755.38
PO00932,SUP027,Delivered,2025-10-08,2025-10-16,2025-10-19,501299.18
PO00933,SUP076,Delivered,2026-06-02,2026-06-08,2026-06-11,303877.68
PO00934,SUP063,Cancelled,2025-09-10,2025-09-28,,191695.99
PO00935,SUP031,Pending,2025-08-16,2025-08-21,,582944.8
PO00936,SUP067,Pending,2025-11-11,2025-11-19,,330946.56
PO00937,SUP028,Delivered,2026-03-02,2026-03-07,2026-03-08,91025.31
PO00938,SUP014,Approved,2026-01-24,2026-02-06,,21667.6
PO00939,SUP080,Delivered,2026-07-02,2026-07-27,2026-07-29,384254.88
PO00940,SUP014,Delivered,2026-06-15,2026-06-21,2026-06-19,573421.84
PO00941,SUP073,Approved,2026-02-05,2026-02-28,,66588.32
PO00942,SUP051,Pending,2026-05-19,2026-05-24,,260801.27
PO00943,SUP044,Delivered,2026-07-05,2026-07-16,2026-07-17,135669.14
PO00944,SUP039,Shipped,2025-11-09,2025-12-04,,134788.92
PO00945,SUP075,Shipped,2025-09-29,2025-10-15,,367594.33
PO00946,SUP004,Shipped,2025-10-31,2025-11-16,,172615.47
PO00947,SUP072,Delivered,2026-05-15,2026-06-09,2026-06-11,150729.28
PO00948,SUP006,Shipped,2025-12-20,2026-01-11,,171628.62
PO00949,SUP052,Delivered,2025-11-16,2025-11-26,2025-11-24,718209.61
PO00950,SUP058,Delivered,2026-07-11,2026-07-25,2026-08-07,12013.12
PO00951,SUP048,Approved,2025-09-20,2025-10-15,,724299.04
PO00952,SUP010,Delivered,2026-02-21,2026-03-13,2026-03-11,199689.18
PO00953,SUP065,Delivered,2026-01-18,2026-02-08,2026-02-09,451092.99
PO00954,SUP034,Approved,2025-08-08,2025-08-14,,226538.48
PO00955,SUP068,Delivered,2025-10-13,2025-10-28,2025-10-30,44238.4
PO00956,SUP042,Delivered,2025-11-11,2025-12-05,2025-12-07,189533.4
PO00957,SUP061,Approved,2025-09-12,2025-09-21,,536619.25
PO00958,SUP040,Delivered,2025-11-14,2025-11-20,2025-11-22,249903.94
PO00959,SUP025,Shipped,2025-08-12,2025-09-04,,428439.03
PO00960,SUP002,Shipped,2025-09-06,2025-09-28,,405175.28
PO00961,SUP005,Pending,2025-12-20,2026-01-10,,958925.09
PO00962,SUP025,Delivered,2026-04-17,2026-04-25,2026-05-09,468457.31
PO00963,SUP032,Delivered,2026-02-14,2026-02-23,2026-02-23,1290536.44
PO00964,SUP073,Delivered,2025-09-01,2025-09-08,2025-09-06,1050501.7
PO00965,SUP040,Delivered,2025-11-28,2025-12-08,2025-12-06,198936.01
PO00966,SUP018,Delivered,2026-02-27,2026-03-06,2026-03-15,234046.74
PO00967,SUP067,Pending,2026-06-23,2026-06-29,,655919.91
PO00968,SUP003,Approved,2026-03-21,2026-04-13,,409651.86
PO00969,SUP060,Delivered,2025-11-04,2025-11-16,2025-11-15,221741.18
PO00970,SUP040,Shipped,2025-10-26,2025-11-05,,314171.36
PO00971,SUP063,Shipped,2026-06-05,2026-06-30,,213450.75
PO00972,SUP074,Delivered,2025-08-07,2025-08-22,2025-08-22,707172.81
PO00973,SUP009,Shipped,2025-11-27,2025-12-14,,636034.98
PO00974,SUP063,Approved,2025-12-25,2026-01-02,,494711.66
PO00975,SUP048,Delivered,2026-01-27,2026-02-15,2026-02-17,513150.59
PO00976,SUP011,Shipped,2026-01-20,2026-01-27,,546066.23
PO00977,SUP080,Shipped,2025-12-05,2025-12-30,,564365.08
PO00978,SUP034,Delivered,2026-04-03,2026-04-28,2026-04-30,1092069.18
PO00979,SUP023,Shipped,2025-09-24,2025-10-19,,115783.72
PO00980,SUP019,Pending,2026-06-17,2026-07-02,,237584.94
PO00981,SUP047,Cancelled,2026-02-11,2026-02-20,,160712.75
PO00982,SUP036,Delivered,2025-11-21,2025-11-26,2025-11-30,241852.09
PO00983,SUP040,Approved,2025-12-23,2026-01-04,,177538.72
PO00984,SUP004,Cancelled,2026-02-07,2026-02-22,,713196.36
PO00985,SUP017,Shipped,2026-01-04,2026-01-27,,271858.6
PO00986,SUP061,Delivered,2026-04-23,2026-05-12,2026-05-12,577237.91
PO00987,SUP009,Approved,2025-08-08,2025-08-27,,328344.66
PO00988,SUP080,Delivered,2026-03-20,2026-03-30,2026-03-31,287817.53
PO00989,SUP014,Delivered,2025-12-23,2026-01-12,2026-01-12,193491.44
PO00990,SUP062,Delivered,2025-08-05,2025-08-19,2025-09-02,636866.69
PO00991,SUP027,Delivered,2025-09-13,2025-09-27,2025-09-25,473759.1
PO00992,SUP080,Delivered,2026-03-30,2026-04-13,2026-04-14,181475.09
PO00993,SUP078,Cancelled,2026-05-24,2026-06-08,,637464.54
PO00994,SUP075,Pending,2025-11-09,2025-11-29,,296327.6
PO00995,SUP067,Shipped,2025-11-02,2025-11-19,,187535.22
PO00996,SUP023,Delivered,2026-01-02,2026-01-17,2026-01-19,163465.12
PO00997,SUP075,Delivered,2026-03-17,2026-03-24,2026-03-25,407352.14
PO00998,SUP059,Delivered,2025-09-04,2025-09-24,2025-09-24,410392.38
PO00999,SUP034,Delivered,2026-06-05,2026-06-18,2026-06-25,524858.41
PO01000,SUP055,Cancelled,2025-12-25,2026-01-08,,256739.95
PO01001,SUP059,Approved,2026-05-03,2026-05-24,,142458.85
PO01002,SUP022,Delivered,2026-03-14,2026-04-08,2026-04-09,813335.21
PO01003,SUP031,Delivered,2025-12-03,2025-12-28,2025-12-26,685839.35
PO01004,SUP014,Shipped,2026-04-11,2026-04-26,,341609.89
PO01005,SUP043,Shipped,2026-06-21,2026-07-07,,539956.56
PO01006,SUP077,Delivered,2025-09-01,2025-09-21,2025-09-19,381074.17
PO01007,SUP048,Shipped,2025-11-16,2025-11-21,,347443.87
PO01008,SUP034,Approved,2026-03-30,2026-04-09,,120706.18
PO01009,SUP014,Delivered,2026-05-22,2026-06-16,2026-06-17,114278.59
PO01010,SUP047,Shipped,2026-06-27,2026-07-22,,840380.84
PO01011,SUP046,Shipped,2025-10-19,2025-11-13,,469548.1
PO01012,SUP035,Approved,2026-01-05,2026-01-14,,181589.27
PO01013,SUP020,Pending,2025-10-05,2025-10-11,,902856.79
PO01014,SUP006,Delivered,2026-02-09,2026-02-24,2026-02-27,341712.88
PO01015,SUP014,Delivered,2026-04-20,2026-05-09,2026-05-11,366877.93
PO01016,SUP016,Delivered,2026-01-23,2026-02-09,2026-02-11,55314.53
PO01017,SUP048,Delivered,2026-03-05,2026-03-21,2026-04-02,47110.46
PO01018,SUP043,Delivered,2026-04-24,2026-05-07,2026-05-07,361438.8
PO01019,SUP034,Pending,2025-08-14,2025-08-20,,108885.78
PO01020,SUP073,Shipped,2026-02-23,2026-03-01,,374423.81
PO01021,SUP047,Approved,2026-03-27,2026-04-11,,248305.84
PO01022,SUP049,Delivered,2025-10-31,2025-11-23,2025-11-23,200772.18
PO01023,SUP028,Shipped,2025-10-31,2025-11-10,,215856.72
PO01024,SUP037,Approved,2026-07-17,2026-07-23,,1244356.19
PO01025,SUP065,Delivered,2026-02-21,2026-03-13,2026-03-12,157930.03
PO01026,SUP011,Delivered,2026-02-17,2026-03-14,2026-03-16,976389.47
PO01027,SUP008,Approved,2025-09-02,2025-09-13,,662405.75
PO01028,SUP029,Shipped,2025-10-24,2025-11-02,,101656.83
PO01029,SUP037,Delivered,2025-08-16,2025-09-02,2025-09-01,192260.6
PO01030,SUP071,Shipped,2025-08-18,2025-08-31,,395399.36
PO01031,SUP051,Delivered,2026-02-04,2026-02-19,2026-02-18,515183.0
PO01032,SUP016,Delivered,2025-12-31,2026-01-17,2026-01-26,420614.64
PO01033,SUP007,Approved,2026-06-09,2026-06-27,,618634.14
PO01034,SUP034,Approved,2026-03-27,2026-04-02,,428048.38
PO01035,SUP059,Delivered,2025-08-17,2025-09-01,2025-09-09,271126.05
PO01036,SUP024,Cancelled,2025-12-19,2026-01-05,,436870.6
PO01037,SUP069,Delivered,2026-01-30,2026-02-06,2026-02-18,570471.69
PO01038,SUP052,Delivered,2025-09-06,2025-09-14,2025-09-24,67180.62
PO01039,SUP045,Delivered,2025-10-27,2025-11-15,2025-11-27,104358.71
PO01040,SUP077,Shipped,2025-10-11,2025-10-20,,561379.8
PO01041,SUP070,Shipped,2026-05-10,2026-05-29,,313720.59
PO01042,SUP012,Delivered,2026-02-08,2026-02-28,2026-03-13,448505.28
PO01043,SUP067,Delivered,2026-04-24,2026-05-06,2026-05-04,510195.47
PO01044,SUP025,Delivered,2025-11-20,2025-12-07,2025-12-05,531201.03
PO01045,SUP067,Shipped,2026-06-26,2026-07-17,,520129.63
PO01046,SUP007,Approved,2025-10-13,2025-11-02,,410926.78
PO01047,SUP061,Delivered,2026-06-13,2026-06-22,2026-06-21,214025.38
PO01048,SUP019,Delivered,2025-11-19,2025-12-09,2025-12-08,253309.81
PO01049,SUP053,Cancelled,2026-04-15,2026-05-09,,204443.09
PO01050,SUP034,Approved,2026-03-02,2026-03-11,,273702.96
PO01051,SUP051,Delivered,2026-04-19,2026-04-30,2026-05-07,280989.88
PO01052,SUP061,Approved,2026-04-21,2026-04-28,,24645.95
PO01053,SUP045,Delivered,2025-09-23,2025-10-18,2025-10-19,435254.88
PO01054,SUP065,Delivered,2025-08-16,2025-09-09,2025-09-07,16991.97
PO01055,SUP080,Approved,2026-02-18,2026-02-28,,492704.01
PO01056,SUP024,Delivered,2026-06-05,2026-06-18,2026-06-28,740407.32
PO01057,SUP041,Pending,2025-09-19,2025-10-06,,640283.95
PO01058,SUP057,Shipped,2025-09-19,2025-09-26,,281169.2
PO01059,SUP009,Shipped,2026-05-07,2026-05-24,,611569.11
PO01060,SUP029,Approved,2026-03-06,2026-03-24,,109741.5
PO01061,SUP044,Delivered,2026-01-13,2026-01-22,2026-01-23,78100.0
PO01062,SUP040,Delivered,2026-04-03,2026-04-10,2026-04-08,464545.6
PO01063,SUP059,Approved,2026-05-21,2026-05-29,,34475.66
PO01064,SUP034,Cancelled,2026-01-16,2026-02-01,,481944.33
PO01065,SUP066,Shipped,2025-09-02,2025-09-19,,488557.48
PO01066,SUP047,Shipped,2026-06-13,2026-07-06,,106600.0
PO01067,SUP049,Cancelled,2026-02-28,2026-03-23,,315563.4
PO01068,SUP074,Delivered,2026-01-25,2026-02-02,2026-02-01,311732.79
PO01069,SUP033,Cancelled,2025-12-30,2026-01-23,,304275.44
PO01070,SUP016,Delivered,2026-03-29,2026-04-11,2026-04-11,14351.68
PO01071,SUP019,Pending,2025-11-04,2025-11-18,,476773.95
PO01072,SUP076,Delivered,2025-11-07,2025-11-28,2025-12-12,480266.83
PO01073,SUP030,Shipped,2025-11-13,2025-11-21,,709316.16
PO01074,SUP031,Delivered,2026-01-15,2026-01-20,2026-01-19,492893.6
PO01075,SUP012,Cancelled,2026-01-10,2026-02-04,,348128.88
PO01076,SUP057,Cancelled,2026-06-06,2026-07-01,,485456.46
PO01077,SUP045,Shipped,2026-06-18,2026-06-25,,10926.08
PO01078,SUP028,Approved,2026-06-24,2026-07-19,,625139.92
PO01079,SUP019,Delivered,2025-10-15,2025-10-21,2025-10-23,702275.29
PO01080,SUP033,Shipped,2026-05-10,2026-05-16,,479144.09
PO01081,SUP072,Shipped,2025-09-21,2025-10-14,,281779.11
PO01082,SUP066,Cancelled,2026-03-07,2026-03-17,,413011.55
PO01083,SUP039,Shipped,2026-03-03,2026-03-18,,694600.74
PO01084,SUP060,Delivered,2026-02-14,2026-02-21,2026-02-22,238962.3
PO01085,SUP031,Approved,2026-07-16,2026-07-21,,541497.28
PO01086,SUP031,Shipped,2025-09-10,2025-09-19,,934576.54
PO01087,SUP010,Approved,2026-03-21,2026-04-11,,374939.5
PO01088,SUP058,Approved,2026-06-01,2026-06-19,,386055.79
PO01089,SUP022,Delivered,2025-09-03,2025-09-27,2025-09-25,500977.95
PO01090,SUP058,Shipped,2026-05-13,2026-05-30,,1051134.42
PO01091,SUP019,Delivered,2026-01-24,2026-02-05,2026-02-06,199373.7
PO01092,SUP014,Shipped,2025-12-30,2026-01-11,,337521.88
PO01093,SUP035,Pending,2026-06-05,2026-06-24,,290982.28
PO01094,SUP045,Shipped,2026-05-29,2026-06-23,,387936.63
PO01095,SUP008,Delivered,2026-02-17,2026-02-28,2026-02-26,435819.02
PO01096,SUP042,Approved,2026-04-25,2026-05-05,,173770.21
PO01097,SUP080,Cancelled,2026-04-06,2026-04-27,,635768.13
PO01098,SUP069,Delivered,2026-07-10,2026-07-26,2026-07-24,406690.85
PO01099,SUP066,Shipped,2026-02-17,2026-03-12,,210311.54
PO01100,SUP035,Approved,2026-02-25,2026-03-08,,23392.35
PO01101,SUP023,Delivered,2025-09-19,2025-09-26,2025-09-24,149479.48
PO01102,SUP028,Cancelled,2026-01-23,2026-02-16,,272461.52
PO01103,SUP048,Delivered,2026-03-06,2026-03-29,2026-03-29,108118.23
PO01104,SUP078,Shipped,2026-02-28,2026-03-12,,357670.49
PO01105,SUP060,Delivered,2026-04-24,2026-05-09,2026-05-09,257074.3
PO01106,SUP079,Shipped,2025-11-21,2025-11-28,,239619.32
PO01107,SUP021,Delivered,2026-01-30,2026-02-12,2026-02-10,313018.97
PO01108,SUP050,Approved,2025-10-13,2025-11-04,,255306.99
PO01109,SUP040,Pending,2026-02-06,2026-02-16,,179199.02
PO01110,SUP060,Cancelled,2025-08-11,2025-08-22,,864551.46
PO01111,SUP030,Pending,2026-03-20,2026-04-08,,490825.17
PO01112,SUP001,Delivered,2026-02-19,2026-03-16,2026-03-14,21411.58
PO01113,SUP063,Approved,2025-11-25,2025-12-08,,310352.04
PO01114,SUP016,Delivered,2025-09-02,2025-09-22,2025-09-27,344889.62
PO01115,SUP041,Pending,2025-11-16,2025-12-10,,401545.24
PO01116,SUP012,Shipped,2025-12-10,2025-12-29,,169916.64
PO01117,SUP045,Cancelled,2026-01-12,2026-01-21,,210896.92
PO01118,SUP080,Pending,2026-06-10,2026-06-30,,219418.14
PO01119,SUP049,Delivered,2025-12-23,2026-01-06,2026-01-15,523467.36
PO01120,SUP072,Delivered,2026-01-05,2026-01-23,2026-01-25,464419.48
PO01121,SUP007,Delivered,2025-12-29,2026-01-05,2026-01-03,159082.25
PO01122,SUP033,Delivered,2025-12-13,2026-01-05,2026-01-13,551410.5
PO01123,SUP062,Delivered,2026-06-17,2026-06-28,2026-06-27,480228.5
PO01124,SUP059,Approved,2025-10-17,2025-10-25,,232065.74
PO01125,SUP012,Delivered,2026-07-10,2026-07-15,2026-07-14,604724.52
PO01126,SUP067,Approved,2025-09-13,2025-09-18,,130644.76
PO01127,SUP031,Delivered,2026-05-13,2026-05-25,2026-05-27,1048999.35
PO01128,SUP046,Shipped,2026-01-10,2026-01-22,,308102.24
PO01129,SUP025,Shipped,2026-03-20,2026-03-30,,359994.93
PO01130,SUP051,Approved,2025-08-09,2025-08-19,,66143.53
PO01131,SUP080,Approved,2025-11-24,2025-12-01,,110950.8
PO01132,SUP042,Pending,2025-08-23,2025-09-16,,749599.66
PO01133,SUP062,Approved,2026-02-09,2026-03-05,,553223.95
PO01134,SUP012,Pending,2026-04-04,2026-04-16,,335319.31
PO01135,SUP028,Delivered,2025-12-30,2026-01-21,2026-01-20,778153.91
PO01136,SUP047,Delivered,2026-01-17,2026-01-27,2026-01-30,138686.94
PO01137,SUP047,Delivered,2026-01-03,2026-01-17,2026-01-17,244730.16
PO01138,SUP019,Pending,2025-12-17,2025-12-23,,564389.08
PO01139,SUP071,Delivered,2026-03-27,2026-04-01,2026-03-31,445038.65
PO01140,SUP043,Delivered,2025-08-28,2025-09-06,2025-09-06,524626.41
PO01141,SUP010,Pending,2025-11-15,2025-11-25,,510283.44
PO01142,SUP063,Approved,2025-09-04,2025-09-10,,202730.0
PO01143,SUP077,Delivered,2026-06-01,2026-06-16,2026-06-17,431732.38
PO01144,SUP008,Delivered,2026-06-07,2026-06-25,2026-06-24,284334.38
PO01145,SUP060,Shipped,2026-03-12,2026-04-03,,267118.13
PO01146,SUP054,Approved,2025-11-15,2025-11-26,,609848.35
PO01147,SUP072,Approved,2026-06-15,2026-07-01,,102121.4
PO01148,SUP051,Approved,2026-05-24,2026-06-03,,906811.57
PO01149,SUP027,Delivered,2026-03-07,2026-03-18,2026-03-20,254945.31
PO01150,SUP038,Delivered,2026-01-29,2026-02-20,2026-02-20,244507.65
PO01151,SUP042,Delivered,2026-04-06,2026-04-11,2026-04-13,347509.85
PO01152,SUP077,Delivered,2026-05-25,2026-06-12,2026-06-12,706243.19
PO01153,SUP053,Delivered,2025-08-02,2025-08-16,2025-08-17,708334.74
PO01154,SUP070,Pending,2026-01-01,2026-01-18,,193810.85
PO01155,SUP001,Delivered,2026-06-18,2026-07-05,2026-07-04,527729.44
PO01156,SUP043,Pending,2026-06-19,2026-07-14,,257870.6
PO01157,SUP029,Delivered,2025-10-29,2025-11-21,2025-11-21,746312.14
PO01158,SUP064,Shipped,2026-01-13,2026-01-21,,359087.27
PO01159,SUP076,Delivered,2026-06-19,2026-06-26,2026-06-24,365966.13
PO01160,SUP036,Shipped,2026-05-14,2026-06-07,,365504.16
PO01161,SUP030,Shipped,2026-07-05,2026-07-19,,178961.77
PO01162,SUP078,Delivered,2025-09-04,2025-09-22,2025-09-21,500086.84
PO01163,SUP077,Delivered,2025-10-13,2025-10-22,2025-10-23,139978.6
PO01164,SUP017,Cancelled,2026-05-20,2026-05-26,,165527.67
PO01165,SUP039,Delivered,2026-03-23,2026-04-04,2026-04-02,341284.91
PO01166,SUP004,Delivered,2026-06-09,2026-06-17,2026-06-15,429495.88
PO01167,SUP042,Delivered,2026-02-16,2026-03-13,2026-03-15,314859.34
PO01168,SUP047,Delivered,2026-02-04,2026-02-25,2026-02-25,69558.27
PO01169,SUP022,Pending,2026-01-01,2026-01-11,,391104.91
PO01170,SUP066,Approved,2026-06-18,2026-07-06,,157405.7
PO01171,SUP071,Shipped,2026-01-14,2026-01-29,,266294.84
PO01172,SUP016,Delivered,2026-05-21,2026-06-01,2026-06-02,769812.21
PO01173,SUP004,Cancelled,2026-07-16,2026-08-02,,332699.52
PO01174,SUP015,Approved,2026-02-03,2026-02-11,,632093.37
PO01175,SUP049,Delivered,2026-01-08,2026-01-24,2026-01-24,410140.9
PO01176,SUP008,Delivered,2026-05-26,2026-06-19,2026-06-18,910390.96
PO01177,SUP033,Delivered,2026-03-11,2026-03-16,2026-03-15,694562.88
PO01178,SUP010,Delivered,2025-08-14,2025-09-07,2025-09-07,173127.13
PO01179,SUP061,Approved,2025-12-12,2026-01-05,,404929.78
PO01180,SUP055,Approved,2026-04-02,2026-04-18,,344100.27
PO01181,SUP076,Delivered,2025-12-03,2025-12-25,2025-12-27,1416609.38
PO01182,SUP012,Approved,2025-11-27,2025-12-09,,177431.64
PO01183,SUP079,Shipped,2026-07-09,2026-07-19,,616318.32
PO01184,SUP057,Pending,2026-03-27,2026-04-04,,595526.4
PO01185,SUP032,Delivered,2026-04-06,2026-04-30,2026-05-02,18740.15
PO01186,SUP025,Delivered,2025-10-28,2025-11-07,2025-11-09,321684.35
PO01187,SUP037,Delivered,2026-07-04,2026-07-16,2026-07-14,770590.07
PO01188,SUP054,Delivered,2026-05-28,2026-06-13,2026-06-11,763698.23
PO01189,SUP002,Delivered,2026-06-20,2026-06-30,2026-06-29,616472.54
PO01190,SUP070,Delivered,2026-07-01,2026-07-13,2026-07-11,521756.29
PO01191,SUP008,Delivered,2026-07-08,2026-07-28,2026-07-28,181095.73
PO01192,SUP064,Approved,2025-12-04,2025-12-20,,39670.02
PO01193,SUP030,Shipped,2025-10-23,2025-11-02,,323313.76
PO01194,SUP063,Delivered,2026-05-11,2026-05-27,2026-05-28,291941.64
PO01195,SUP014,Delivered,2025-12-16,2025-12-21,2025-12-22,319191.12
PO01196,SUP028,Shipped,2026-05-22,2026-05-31,,201049.86
PO01197,SUP032,Delivered,2026-01-18,2026-01-24,2026-01-22,812161.8
PO01198,SUP075,Shipped,2026-05-30,2026-06-08,,591662.02
PO01199,SUP075,Delivered,2025-12-10,2025-12-26,2025-12-28,143602.2
PO01200,SUP038,Delivered,2025-10-15,2025-10-21,2025-10-21,247735.82
PO01201,SUP058,Delivered,2026-02-27,2026-03-11,2026-03-13,489887.9
PO01202,SUP013,Delivered,2026-01-02,2026-01-15,2026-01-15,736189.41
PO01203,SUP021,Shipped,2026-04-19,2026-05-10,,547362.41
PO01204,SUP072,Delivered,2025-08-13,2025-08-26,2025-08-24,191793.93
PO01205,SUP077,Pending,2026-03-12,2026-04-05,,397202.2
PO01206,SUP063,Delivered,2025-10-07,2025-10-26,2025-10-26,195625.86
PO01207,SUP022,Cancelled,2025-08-01,2025-08-12,,473974.51
PO01208,SUP018,Approved,2026-03-22,2026-03-31,,613965.32
PO01209,SUP062,Pending,2026-07-12,2026-07-18,,780265.35
PO01210,SUP072,Delivered,2026-03-22,2026-04-02,2026-04-02,774756.77
PO01211,SUP059,Shipped,2026-07-16,2026-08-07,,260922.46
PO01212,SUP012,Delivered,2025-12-22,2026-01-07,2026-01-05,718658.73
PO01213,SUP075,Delivered,2026-07-09,2026-07-16,2026-07-14,173664.87
PO01214,SUP072,Approved,2026-05-14,2026-05-26,,175338.14
PO01215,SUP026,Delivered,2026-05-29,2026-06-23,2026-06-23,153769.99
PO01216,SUP026,Approved,2026-05-16,2026-06-04,,36383.2
PO01217,SUP077,Shipped,2026-06-17,2026-06-22,,331283.69
PO01218,SUP028,Approved,2025-10-15,2025-10-28,,645157.05
PO01219,SUP011,Delivered,2026-03-24,2026-04-05,2026-04-11,288601.91
PO01220,SUP030,Pending,2026-04-22,2026-05-17,,451883.81
PO01221,SUP065,Approved,2026-05-21,2026-05-26,,182979.43
PO01222,SUP022,Shipped,2026-06-14,2026-07-06,,263259.99
PO01223,SUP007,Approved,2025-09-27,2025-10-20,,306225.75
PO01224,SUP036,Shipped,2026-06-16,2026-07-02,,18906.42
PO01225,SUP057,Shipped,2026-05-26,2026-06-20,,610358.78
PO01226,SUP070,Approved,2025-09-16,2025-10-09,,178057.89
PO01227,SUP046,Approved,2026-02-24,2026-03-12,,420097.98
PO01228,SUP069,Pending,2026-02-07,2026-02-20,,423529.81
PO01229,SUP017,Approved,2026-02-16,2026-02-25,,48200.85
PO01230,SUP005,Pending,2026-02-14,2026-03-04,,385160.18
PO01231,SUP061,Cancelled,2025-11-30,2025-12-22,,712602.37
PO01232,SUP070,Shipped,2026-02-04,2026-02-25,,447640.57
PO01233,SUP010,Delivered,2025-11-07,2025-11-25,2025-12-05,62240.64
PO01234,SUP043,Delivered,2025-09-17,2025-09-26,2025-09-28,424413.5
PO01235,SUP027,Cancelled,2025-09-14,2025-09-20,,173892.12
PO01236,SUP020,Approved,2025-08-13,2025-08-29,,207980.64
PO01237,SUP038,Delivered,2025-10-29,2025-11-14,2025-11-19,548822.57
PO01238,SUP051,Shipped,2026-07-11,2026-07-24,,210310.05
PO01239,SUP039,Shipped,2026-06-01,2026-06-07,,28149.24
PO01240,SUP044,Approved,2025-12-23,2026-01-02,,185792.24
PO01241,SUP056,Shipped,2026-02-13,2026-02-22,,182341.25
PO01242,SUP062,Shipped,2026-04-10,2026-04-24,,127988.07
PO01243,SUP036,Delivered,2026-01-19,2026-01-29,2026-01-29,284817.38
PO01244,SUP077,Delivered,2025-12-12,2025-12-21,2025-12-23,530574.1
PO01245,SUP051,Pending,2026-06-28,2026-07-09,,369968.54
PO01246,SUP006,Approved,2026-02-11,2026-02-26,,391404.83
PO01247,SUP012,Pending,2026-06-24,2026-07-09,,122251.75
PO01248,SUP045,Pending,2025-12-12,2025-12-23,,283911.0
PO01249,SUP008,Delivered,2026-03-01,2026-03-23,2026-04-03,539656.23
PO01250,SUP029,Shipped,2026-01-12,2026-01-25,,366434.51
PO01251,SUP079,Shipped,2026-05-17,2026-06-06,,318695.55
PO01252,SUP038,Delivered,2026-06-20,2026-07-13,2026-07-11,435748.85
PO01253,SUP028,Shipped,2025-10-25,2025-11-14,,130998.64
PO01254,SUP066,Shipped,2026-04-11,2026-05-02,,823208.97
PO01255,SUP056,Delivered,2026-04-04,2026-04-14,2026-04-13,539486.71
PO01256,SUP077,Shipped,2025-09-25,2025-10-03,,804690.42
PO01257,SUP037,Shipped,2025-09-06,2025-10-01,,246095.16
PO01258,SUP073,Delivered,2025-10-19,2025-11-07,2025-11-06,58717.12
PO01259,SUP002,Delivered,2026-06-15,2026-07-01,2026-07-02,386708.55
PO01260,SUP072,Delivered,2026-01-27,2026-02-15,2026-02-21,140153.11
PO01261,SUP032,Shipped,2025-11-22,2025-12-17,,381603.52
PO01262,SUP036,Delivered,2025-09-25,2025-10-19,2025-10-18,319284.2
PO01263,SUP008,Approved,2026-04-10,2026-04-25,,129754.54
PO01264,SUP073,Delivered,2025-11-22,2025-12-01,2025-12-03,233598.12
PO01265,SUP035,Pending,2025-09-16,2025-10-05,,205039.58
PO01266,SUP025,Delivered,2025-12-06,2025-12-26,2026-01-05,204845.7
PO01267,SUP059,Delivered,2026-05-10,2026-05-29,2026-05-28,249077.28
PO01268,SUP074,Delivered,2026-03-18,2026-04-03,2026-04-04,401571.18
PO01269,SUP011,Pending,2026-02-21,2026-03-18,,271035.7
PO01270,SUP001,Delivered,2026-03-25,2026-03-31,2026-04-06,168063.17
PO01271,SUP051,Shipped,2025-09-06,2025-09-28,,44459.21
PO01272,SUP068,Delivered,2025-12-03,2025-12-22,2026-01-01,398461.47
PO01273,SUP020,Delivered,2025-10-07,2025-10-15,2025-10-24,237006.85
PO01274,SUP005,Approved,2025-09-09,2025-10-01,,396396.09
PO01275,SUP073,Approved,2025-12-16,2026-01-08,,327701.73
PO01276,SUP056,Delivered,2026-04-02,2026-04-09,2026-04-13,448331.7
PO01277,SUP055,Approved,2025-10-31,2025-11-22,,65008.65
PO01278,SUP015,Delivered,2025-12-10,2025-12-19,2025-12-21,656694.47
PO01279,SUP063,Pending,2025-10-19,2025-11-03,,338934.4
PO01280,SUP036,Delivered,2025-10-20,2025-10-27,2025-10-26,403601.24
PO01281,SUP043,Delivered,2026-01-24,2026-02-17,2026-02-17,785664.06
PO01282,SUP028,Approved,2026-02-08,2026-02-18,,306801.96
PO01283,SUP037,Delivered,2026-04-12,2026-04-20,2026-04-19,102961.06
PO01284,SUP052,Pending,2025-11-14,2025-12-08,,87147.05
PO01285,SUP068,Shipped,2026-03-06,2026-03-25,,461885.98
PO01286,SUP066,Delivered,2026-05-11,2026-05-16,2026-05-15,144674.21
PO01287,SUP039,Delivered,2025-11-26,2025-12-02,2025-12-03,244618.69
PO01288,SUP056,Approved,2026-02-10,2026-02-16,,247314.37
PO01289,SUP078,Delivered,2026-06-30,2026-07-14,2026-07-16,599273.44
PO01290,SUP039,Delivered,2026-06-01,2026-06-16,2026-06-16,429094.13
PO01291,SUP045,Delivered,2025-09-30,2025-10-12,2025-10-13,340791.6
PO01292,SUP065,Delivered,2025-11-17,2025-12-12,2025-12-14,385238.66
PO01293,SUP023,Delivered,2026-02-10,2026-02-28,2026-02-28,258322.05
PO01294,SUP040,Delivered,2025-12-27,2026-01-14,2026-01-14,782142.58
PO01295,SUP039,Approved,2026-03-01,2026-03-16,,350443.98
PO01296,SUP026,Delivered,2026-05-11,2026-05-21,2026-05-20,341753.87
PO01297,SUP050,Shipped,2025-10-22,2025-10-31,,483277.93
PO01298,SUP054,Delivered,2026-04-05,2026-04-21,2026-04-20,363442.46
PO01299,SUP071,Pending,2025-11-12,2025-11-24,,247002.69
PO01300,SUP047,Delivered,2026-04-04,2026-04-09,2026-04-16,489281.59
PO01301,SUP068,Approved,2026-02-11,2026-02-20,,208334.24
PO01302,SUP046,Delivered,2026-02-24,2026-03-11,2026-03-15,242427.96
PO01303,SUP058,Delivered,2026-02-03,2026-02-08,2026-02-09,536597.74
PO01304,SUP018,Approved,2026-02-06,2026-02-13,,502015.99
PO01305,SUP072,Delivered,2025-09-01,2025-09-06,2025-09-06,221831.3
PO01306,SUP018,Delivered,2026-07-13,2026-07-30,2026-08-01,392841.74
PO01307,SUP002,Delivered,2026-04-27,2026-05-07,2026-05-06,495140.0
PO01308,SUP054,Delivered,2026-06-25,2026-07-03,2026-07-09,280053.3
PO01309,SUP008,Delivered,2025-11-26,2025-12-20,2025-12-21,1118139.43
PO01310,SUP049,Delivered,2025-12-10,2025-12-27,2025-12-27,329362.72
PO01311,SUP065,Delivered,2025-09-02,2025-09-20,2025-09-19,635830.38
PO01312,SUP007,Shipped,2025-12-24,2026-01-13,,402402.88
PO01313,SUP066,Delivered,2026-04-05,2026-04-15,2026-04-15,570030.46
PO01314,SUP076,Delivered,2025-11-04,2025-11-18,2025-11-18,161865.4
PO01315,SUP039,Delivered,2026-06-09,2026-06-26,2026-07-06,393924.29
PO01316,SUP027,Delivered,2026-06-29,2026-07-05,2026-07-06,846395.12
PO01317,SUP023,Delivered,2025-11-19,2025-12-01,2025-11-30,198935.49
PO01318,SUP017,Delivered,2026-01-27,2026-02-07,2026-02-06,232652.17
PO01319,SUP027,Delivered,2026-04-07,2026-04-18,2026-04-26,73057.06
PO01320,SUP047,Delivered,2026-04-08,2026-04-14,2026-04-18,40634.79
PO01321,SUP057,Shipped,2026-04-09,2026-04-21,,290811.1
PO01322,SUP019,Delivered,2026-05-16,2026-06-10,2026-06-18,118434.61
PO01323,SUP029,Delivered,2026-05-08,2026-05-28,2026-06-01,309520.6
PO01324,SUP028,Shipped,2026-07-09,2026-07-30,,603420.21
PO01325,SUP045,Delivered,2025-12-21,2026-01-12,2026-01-11,592539.51
PO01326,SUP028,Delivered,2025-12-22,2026-01-02,2026-01-01,130664.66
PO01327,SUP020,Pending,2026-06-03,2026-06-27,,714771.76
PO01328,SUP020,Delivered,2026-03-30,2026-04-19,2026-04-19,159735.16
PO01329,SUP007,Delivered,2026-03-14,2026-03-30,2026-04-08,419733.26
PO01330,SUP070,Shipped,2026-02-19,2026-03-12,,313629.71
PO01331,SUP074,Approved,2025-09-20,2025-09-27,,56737.57
PO01332,SUP070,Shipped,2025-08-15,2025-08-25,,24486.28
PO01333,SUP017,Pending,2025-08-22,2025-09-08,,461861.15
PO01334,SUP032,Delivered,2026-02-26,2026-03-10,2026-03-23,561591.32
PO01335,SUP077,Delivered,2026-03-07,2026-03-23,2026-03-22,236258.1
PO01336,SUP031,Delivered,2026-04-21,2026-05-10,2026-05-23,558114.59
PO01337,SUP026,Pending,2026-03-26,2026-04-20,,461914.44
PO01338,SUP063,Delivered,2025-12-27,2026-01-04,2026-01-04,31153.95
PO01339,SUP045,Delivered,2026-04-14,2026-04-25,2026-05-01,695259.14
PO01340,SUP026,Pending,2026-03-22,2026-04-07,,442708.87
PO01341,SUP059,Cancelled,2025-11-04,2025-11-19,,1133954.92
PO01342,SUP003,Delivered,2026-02-01,2026-02-10,2026-02-08,29060.1
PO01343,SUP079,Shipped,2026-01-25,2026-02-05,,440983.13
PO01344,SUP034,Pending,2026-07-11,2026-07-24,,273227.7
PO01345,SUP067,Shipped,2025-11-16,2025-12-01,,61578.4
PO01346,SUP009,Delivered,2025-10-19,2025-10-24,2025-10-25,161297.1
PO01347,SUP071,Approved,2025-11-19,2025-12-12,,289051.05
PO01348,SUP076,Delivered,2025-11-21,2025-12-13,2025-12-11,208565.72
PO01349,SUP069,Delivered,2026-06-06,2026-06-15,2026-06-23,433088.16
PO01350,SUP047,Delivered,2025-08-05,2025-08-13,2025-08-15,350881.6
PO01351,SUP017,Shipped,2026-01-04,2026-01-28,,221913.32
PO01352,SUP079,Approved,2026-04-19,2026-04-27,,663261.3
PO01353,SUP011,Delivered,2026-04-08,2026-04-19,2026-04-23,828163.1
PO01354,SUP031,Shipped,2026-04-08,2026-04-26,,238223.82
PO01355,SUP063,Shipped,2026-02-06,2026-02-13,,212577.56
PO01356,SUP056,Delivered,2026-03-06,2026-03-31,2026-03-29,586866.92
PO01357,SUP025,Shipped,2026-05-01,2026-05-08,,90969.9
PO01358,SUP016,Approved,2026-01-18,2026-01-23,,201364.95
PO01359,SUP002,Delivered,2026-01-07,2026-01-30,2026-02-01,509599.94
PO01360,SUP039,Delivered,2026-05-03,2026-05-12,2026-05-22,352987.36
PO01361,SUP017,Delivered,2026-01-14,2026-02-04,2026-02-05,421280.4
PO01362,SUP044,Pending,2026-01-06,2026-01-23,,557543.22
PO01363,SUP054,Shipped,2026-03-03,2026-03-27,,534294.16
PO01364,SUP035,Shipped,2026-04-09,2026-04-16,,513328.0
PO01365,SUP067,Delivered,2026-06-24,2026-07-06,2026-07-04,897849.5
PO01366,SUP058,Shipped,2026-02-12,2026-02-28,,650332.86
PO01367,SUP064,Delivered,2025-11-29,2025-12-23,2025-12-24,317428.77
PO01368,SUP040,Delivered,2025-08-18,2025-09-09,2025-09-11,783946.13
PO01369,SUP002,Approved,2025-12-19,2025-12-25,,119100.19
PO01370,SUP066,Approved,2026-07-17,2026-07-25,,526739.77
PO01371,SUP007,Approved,2026-07-07,2026-07-12,,180786.94
PO01372,SUP013,Delivered,2026-04-14,2026-04-27,2026-04-29,347597.07
PO01373,SUP080,Delivered,2026-05-09,2026-05-30,2026-05-30,248293.8
PO01374,SUP063,Delivered,2026-01-30,2026-02-18,2026-02-19,926537.51
PO01375,SUP009,Delivered,2026-06-10,2026-06-16,2026-06-18,558088.9
PO01376,SUP027,Delivered,2026-04-10,2026-05-01,2026-05-02,573219.12
PO01377,SUP039,Approved,2025-08-11,2025-08-23,,474646.24
PO01378,SUP008,Delivered,2025-08-26,2025-09-10,2025-09-10,45887.07
PO01379,SUP035,Delivered,2025-08-21,2025-09-09,2025-09-09,34641.92
PO01380,SUP029,Approved,2025-10-31,2025-11-23,,251393.09
PO01381,SUP073,Shipped,2025-09-06,2025-09-11,,315367.21
PO01382,SUP073,Approved,2026-05-30,2026-06-19,,492141.16
PO01383,SUP057,Shipped,2025-10-13,2025-11-05,,246524.89
PO01384,SUP020,Approved,2026-06-22,2026-07-03,,442566.72
PO01385,SUP030,Cancelled,2025-10-01,2025-10-17,,583508.46
PO01386,SUP066,Delivered,2026-07-17,2026-07-31,2026-08-02,301550.63
PO01387,SUP047,Approved,2025-09-03,2025-09-13,,17310.78
PO01388,SUP067,Delivered,2026-05-23,2026-05-29,2026-05-27,461540.24
PO01389,SUP052,Delivered,2025-11-02,2025-11-14,2025-11-13,671166.75
PO01390,SUP009,Shipped,2026-06-17,2026-07-06,,783304.79
PO01391,SUP051,Approved,2025-09-08,2025-09-28,,748484.67
PO01392,SUP038,Delivered,2026-06-25,2026-07-19,2026-07-22,639500.23
PO01393,SUP018,Pending,2026-01-22,2026-01-29,,764422.86
PO01394,SUP019,Shipped,2025-08-31,2025-09-13,,267479.58
PO01395,SUP054,Delivered,2026-06-21,2026-07-06,2026-07-15,15935.51
PO01396,SUP062,Pending,2026-01-27,2026-02-16,,94216.98
PO01397,SUP041,Delivered,2026-04-30,2026-05-18,2026-05-19,524292.72
PO01398,SUP048,Delivered,2026-03-18,2026-04-06,2026-04-16,122908.06
PO01399,SUP076,Delivered,2025-11-08,2025-12-03,2025-12-01,366917.8
PO01400,SUP062,Pending,2026-04-08,2026-05-03,,687414.69
PO01401,SUP021,Delivered,2026-01-04,2026-01-19,2026-01-30,75260.0
PO01402,SUP002,Approved,2026-05-07,2026-05-27,,430372.66
PO01403,SUP073,Shipped,2026-06-02,2026-06-09,,438213.78
PO01404,SUP054,Delivered,2026-01-03,2026-01-27,2026-01-28,392705.4
PO01405,SUP027,Delivered,2025-10-12,2025-10-22,2025-10-23,175222.26
PO01406,SUP027,Delivered,2026-02-07,2026-02-27,2026-02-27,670528.51
PO01407,SUP028,Pending,2025-10-13,2025-10-26,,189602.69
PO01408,SUP027,Pending,2026-04-16,2026-04-24,,337204.05
PO01409,SUP034,Pending,2025-10-23,2025-11-10,,404443.64
PO01410,SUP041,Shipped,2026-06-28,2026-07-23,,780245.49
PO01411,SUP033,Delivered,2026-03-08,2026-03-13,2026-03-15,424789.49
PO01412,SUP041,Delivered,2026-04-28,2026-05-16,2026-05-17,150491.18
PO01413,SUP078,Delivered,2026-06-10,2026-06-30,2026-06-29,562013.06
PO01414,SUP068,Shipped,2026-03-08,2026-03-30,,235444.44
PO01415,SUP052,Delivered,2026-04-29,2026-05-08,2026-05-06,510766.39
PO01416,SUP049,Shipped,2025-10-12,2025-10-24,,382794.74
PO01417,SUP078,Delivered,2026-06-20,2026-07-14,2026-07-16,475256.4
PO01418,SUP018,Approved,2026-06-06,2026-06-27,,431338.42
PO01419,SUP077,Shipped,2026-07-08,2026-07-19,,346583.3
PO01420,SUP079,Delivered,2025-08-30,2025-09-21,2025-09-20,634663.83
PO01421,SUP024,Delivered,2025-08-29,2025-09-17,2025-09-18,640899.48
PO01422,SUP053,Cancelled,2026-07-10,2026-07-22,,30786.48
PO01423,SUP069,Cancelled,2026-06-08,2026-06-14,,665591.28
PO01424,SUP074,Delivered,2025-11-25,2025-12-06,2025-12-12,297657.08
PO01425,SUP018,Shipped,2025-08-29,2025-09-10,,597556.83
PO01426,SUP064,Approved,2026-01-27,2026-02-04,,437872.36
PO01427,SUP079,Delivered,2026-02-26,2026-03-15,2026-03-20,276125.49
PO01428,SUP034,Delivered,2025-11-13,2025-12-07,2025-12-08,556409.64
PO01429,SUP005,Pending,2025-10-11,2025-11-02,,778092.82
PO01430,SUP046,Delivered,2025-08-05,2025-08-10,2025-08-12,367921.15
PO01431,SUP035,Delivered,2026-01-08,2026-01-13,2026-01-11,186481.9
PO01432,SUP040,Delivered,2026-03-28,2026-04-09,2026-04-11,115984.59
PO01433,SUP035,Approved,2025-12-25,2026-01-09,,362799.7
PO01434,SUP080,Delivered,2025-09-21,2025-09-27,2025-09-29,236206.09
PO01435,SUP021,Approved,2026-03-08,2026-03-22,,312980.23
PO01436,SUP031,Approved,2025-08-18,2025-08-23,,308624.34
PO01437,SUP008,Delivered,2026-04-01,2026-04-19,2026-04-21,778620.02
PO01438,SUP014,Shipped,2025-12-02,2025-12-24,,261595.5
PO01439,SUP002,Approved,2026-03-11,2026-04-01,,701560.48
PO01440,SUP044,Delivered,2025-08-28,2025-09-02,2025-09-04,74323.44
PO01441,SUP068,Delivered,2026-01-25,2026-02-17,2026-02-19,329184.66
PO01442,SUP019,Delivered,2025-12-10,2025-12-25,2025-12-26,381751.55
PO01443,SUP011,Approved,2026-05-20,2026-06-12,,745285.89
PO01444,SUP026,Approved,2025-08-27,2025-09-08,,495004.82
PO01445,SUP076,Delivered,2026-04-04,2026-04-09,2026-04-10,102243.55
PO01446,SUP002,Delivered,2025-11-15,2025-12-03,2025-12-01,580404.08
PO01447,SUP065,Delivered,2025-09-02,2025-09-21,2025-09-19,523794.51
PO01448,SUP068,Approved,2025-12-20,2026-01-04,,463524.85
PO01449,SUP067,Delivered,2026-05-25,2026-06-17,2026-06-19,313300.93
PO01450,SUP071,Shipped,2026-02-01,2026-02-10,,70137.84
PO01451,SUP007,Delivered,2025-11-06,2025-11-14,2025-11-13,126802.65
PO01452,SUP070,Shipped,2026-04-28,2026-05-21,,504214.44
PO01453,SUP009,Delivered,2025-12-18,2025-12-31,2026-01-02,415118.06
PO01454,SUP055,Shipped,2026-01-05,2026-01-24,,141423.8
PO01455,SUP007,Delivered,2026-02-07,2026-02-20,2026-02-20,484263.63
PO01456,SUP048,Shipped,2025-08-04,2025-08-27,,587318.26
PO01457,SUP014,Shipped,2025-09-19,2025-09-28,,584859.45
PO01458,SUP043,Pending,2026-02-19,2026-03-16,,626226.99
PO01459,SUP047,Pending,2026-01-26,2026-02-19,,646410.47
PO01460,SUP069,Delivered,2025-11-17,2025-12-07,2025-12-06,464727.8
PO01461,SUP073,Delivered,2025-08-22,2025-09-02,2025-09-01,517836.75
PO01462,SUP003,Delivered,2025-08-14,2025-08-23,2025-08-23,648203.03
PO01463,SUP030,Approved,2025-09-21,2025-09-28,,721331.33
PO01464,SUP018,Approved,2026-03-19,2026-03-30,,108741.72
PO01465,SUP029,Delivered,2025-12-06,2025-12-11,2025-12-13,238124.49
PO01466,SUP063,Delivered,2025-08-07,2025-08-18,2025-08-17,180650.63
PO01467,SUP024,Delivered,2025-12-14,2026-01-08,2026-01-16,82027.92
PO01468,SUP052,Cancelled,2026-05-10,2026-05-27,,122140.06
PO01469,SUP043,Delivered,2025-08-21,2025-08-27,2025-09-04,301427.6
PO01470,SUP045,Delivered,2025-11-19,2025-12-11,2025-12-21,381003.28
PO01471,SUP007,Delivered,2026-01-08,2026-01-21,2026-01-23,185622.7
PO01472,SUP059,Delivered,2026-05-14,2026-06-08,2026-06-18,509084.46
PO01473,SUP036,Delivered,2025-09-24,2025-10-08,2025-10-10,841418.08
PO01474,SUP015,Cancelled,2025-12-17,2026-01-04,,227053.1
PO01475,SUP077,Shipped,2025-09-26,2025-10-15,,57812.76
PO01476,SUP053,Delivered,2026-03-01,2026-03-10,2026-03-11,696152.09
PO01477,SUP029,Delivered,2026-04-12,2026-04-30,2026-05-02,260898.5
PO01478,SUP046,Delivered,2025-08-24,2025-09-03,2025-09-03,154665.12
PO01479,SUP017,Approved,2026-05-15,2026-05-23,,250985.58
PO01480,SUP035,Delivered,2026-01-06,2026-01-30,2026-02-01,471687.76
PO01481,SUP052,Approved,2026-01-19,2026-02-10,,243864.15
PO01482,SUP027,Approved,2026-07-04,2026-07-20,,187025.67
PO01483,SUP045,Shipped,2025-09-25,2025-10-14,,323746.85
PO01484,SUP059,Cancelled,2026-05-23,2026-06-03,,472117.96
PO01485,SUP080,Delivered,2025-09-26,2025-10-16,2025-10-14,629299.7
PO01486,SUP022,Shipped,2026-05-07,2026-05-22,,106959.16
PO01487,SUP035,Delivered,2025-10-01,2025-10-12,2025-10-12,668225.46
PO01488,SUP004,Delivered,2025-11-08,2025-12-02,2025-12-04,290293.49
PO01489,SUP063,Shipped,2026-01-22,2026-02-10,,332396.06
PO01490,SUP050,Approved,2025-12-03,2025-12-17,,553087.76
PO01491,SUP043,Shipped,2026-05-27,2026-06-05,,305071.72
PO01492,SUP040,Delivered,2025-08-04,2025-08-11,2025-08-09,90965.68
PO01493,SUP049,Shipped,2025-09-30,2025-10-14,,93571.87
PO01494,SUP064,Delivered,2026-01-26,2026-02-05,2026-02-13,814757.89
PO01495,SUP045,Delivered,2025-11-25,2025-12-06,2025-12-08,475627.62
PO01496,SUP065,Pending,2026-06-13,2026-06-18,,325395.11
PO01497,SUP062,Delivered,2026-07-03,2026-07-17,2026-07-15,145626.53
PO01498,SUP036,Delivered,2026-06-30,2026-07-16,2026-07-15,288025.98
PO01499,SUP005,Cancelled,2026-03-28,2026-04-07,,267600.91
PO01500,SUP010,Delivered,2026-04-22,2026-04-28,2026-04-27,361967.37
